video,duration_s,pitch_mean_hz,pitch_var_hz,energy_mean_rms,energy_var_rms,speech_ratio,n_pauses,mean_pause_duration_s,speaking_rate_proxy_hz
archive\Data\Video_Dataset\Video_Dataset\Video_Speech_Actor_01\Actor_01\01-01-01-01-01-01-01.mp4,3.3033125,101.43444916938213,688.6488159650846,0.002323426539078355,1.0426675544294994e-05,0.5990338164251208,1,0.16,4.032258064516129
archive\Data\Video_Dataset\Video_Dataset\Video_Speech_Actor_01\Actor_01\01-01-01-01-01-02-01.mp4,3.3366875,97.72140749865486,822.3874804885447,0.002499001333490014,1.1892781003552955e-05,0.583732057416268,0,0.0,5.122950819672131
archive\Data\Video_Dataset\Video_Dataset\Video_Speech_Actor_01\Actor_01\01-01-01-01-02-01-01.mp4,3.2699375,100.18682944334768,550.0347689525026,0.002841403940692544,1.7355720046907663e-05,0.5804878048780487,1,0.736,2.6260504201680672
archive\Data\Video_Dataset\Video_Dataset\Video_Speech_Actor_01\Actor_01\01-01-01-01-02-02-01.mp4,3.1698125,97.84511593741884,588.5296540704335,0.0026586875319480896,1.6335496184183285e-05,0.5577889447236181,1,0.784,2.815315315315315
archive\Data\Video_Dataset\Video_Dataset\Video_Speech_Actor_01\Actor_01\01-01-02-01-01-01-01.mp4,3.536875,105.9844939416376,718.1886526693793,0.0016999023500829935,5.763791705248877e-06,0.5990990990990991,0,0.0,2.819548872180451
archive\Data\Video_Dataset\Video_Dataset\Video_Speech_Actor_01\Actor_01\01-01-02-01-01-02-01.mp4,3.603625,104.54596595235108,473.34832721485395,0.0018063354073092341,6.179078354762169e-06,0.6017699115044248,0,0.0,1.838235294117647
archive\Data\Video_Dataset\Video_Dataset\Video_Speech_Actor_01\Actor_01\01-01-02-01-02-01-01.mp4,3.5035,98.61004782074578,312.3038625236838,0.002635555574670434,1.114377209887607e-05,0.5753424657534246,0,0.0,3.4722222222222223
archive\Data\Video_Dataset\Video_Dataset\Video_Speech_Actor_01\Actor_01\01-01-02-01-02-02-01.mp4,3.470125,96.5123717264738,337.3503289179122,0.00269438442774117,1.2827445061702747e-05,0.5852534562211982,0,0.0,2.4606299212598426
archive\Data\Video_Dataset\Video_Dataset\Video_Speech_Actor_01\Actor_01\01-01-02-02-01-01-01.mp4,3.7036875,94.59307057440346,212.9623234885951,0.0015321996761485934,3.4282184060430154e-06,0.5818965517241379,0,0.0,3.7037037037037033
archive\Data\Video_Dataset\Video_Dataset\Video_Speech_Actor_01\Actor_01\01-01-02-02-01-02-01.mp4,4.004,110.13773219121518,169.24994290781007,0.0016416244907304645,4.167713086644653e-06,0.5976095617529881,0,0.0,3.3333333333333335
archive\Data\Video_Dataset\Video_Dataset\Video_Speech_Actor_02\Actor_02\01-01-01-01-01-01-02.mp4,3.6369375,183.804309429541,9531.532824057796,0.0037553119473159313,2.723701072682161e-05,0.6008771929824561,1,0.432,4.562043795620437
archive\Data\Video_Dataset\Video_Dataset\Video_Speech_Actor_02\Actor_02\01-01-01-01-01-02-02.mp4,3.603625,196.53680922449595,10531.57460410171,0.003670948324725032,2.397634307271801e-05,0.6017699115044248,2,0.336,3.676470588235294
archive\Data\Video_Dataset\Video_Dataset\Video_Speech_Actor_02\Actor_02\01-01-01-01-02-01-02.mp4,3.7704375,170.0714499159461,7726.2231777701645,0.005459306761622429,5.9828282246598974e-05,0.5889830508474576,1,0.304,3.1474820143884887
archive\Data\Video_Dataset\Video_Dataset\Video_Speech_Actor_02\Actor_02\01-01-01-01-02-02-02.mp4,3.603625,197.62046873543932,6544.817701946488,0.004910825751721859,4.711373912869021e-05,0.5929203539823009,1,0.224,3.731343283582089
archive\Data\Video_Dataset\Video_Dataset\Video_Speech_Actor_02\Actor_02\01-01-02-01-01-01-02.mp4,3.8371875,231.75035065159804,1746.205301033845,0.0033960577566176653,2.0191580915707164e-05,0.6166666666666667,1,0.064,3.800675675675676
archive\Data\Video_Dataset\Video_Dataset\Video_Speech_Actor_02\Actor_02\01-01-02-01-01-02-02.mp4,4.004,225.39875044862345,1402.3603175800508,0.0034754183143377304,1.9201032046112232e-05,0.6095617529880478,0,0.0,4.493464052287582
archive\Data\Video_Dataset\Video_Dataset\Video_Speech_Actor_02\Actor_02\01-01-02-01-02-01-02.mp4,3.8371875,220.01320941280414,771.1420537407641,0.003677844535559416,2.3454125766875222e-05,0.6,1,0.368,3.4722222222222223
archive\Data\Video_Dataset\Video_Dataset\Video_Speech_Actor_02\Actor_02\01-01-02-01-02-02-02.mp4,3.970625,217.4381432103098,883.1862855271503,0.0036299871280789375,2.157351264031604e-05,0.5783132530120482,1,0.528,4.340277777777778
archive\Data\Video_Dataset\Video_Dataset\Video_Speech_Actor_02\Actor_02\01-01-02-02-01-01-02.mp4,4.1374375,226.1789075682087,2047.211228126696,0.0028163541574031115,1.5220490240608342e-05,0.5984555984555985,1,0.176,5.241935483870968
archive\Data\Video_Dataset\Video_Dataset\Video_Speech_Actor_02\Actor_02\01-01-02-02-01-02-02.mp4,4.037375,221.8925702214066,1077.5311021098607,0.0030866179149597883,1.7997434042626992e-05,0.5849802371541502,0,0.0,3.3783783783783785
archive\Data\Video_Dataset\Video_Dataset\Video_Speech_Actor_03\Actor_03\01-01-01-01-01-01-03.mp4,3.43675,137.2981861545017,2530.702157443757,0.004139883443713188,3.3303764212178066e-05,0.5906976744186047,0,0.0,4.921259842519685
archive\Data\Video_Dataset\Video_Dataset\Video_Speech_Actor_03\Actor_03\01-01-01-01-01-02-03.mp4,3.5035,140.9812245349857,2605.3513177936647,0.0038554503116756678,2.517279972380493e-05,0.6073059360730594,1,0.28800000000000003,3.7593984962406015
archive\Data\Video_Dataset\Video_Dataset\Video_Speech_Actor_03\Actor_03\01-01-01-01-02-01-03.mp4,3.5035,118.64462748000486,1413.4991551923,0.004233310464769602,3.059319715248421e-05,0.5844748858447488,1,0.14400000000000002,5.37109375
archive\Data\Video_Dataset\Video_Dataset\Video_Speech_Actor_03\Actor_03\01-01-01-01-02-02-03.mp4,3.470125,126.91190752638832,1573.2618993437427,0.0045212856493890285,4.48231803602539e-05,0.5990783410138248,0,0.0,3.3653846153846154
archive\Data\Video_Dataset\Video_Dataset\Video_Speech_Actor_03\Actor_03\01-01-02-01-01-01-03.mp4,3.8371875,106.44801662155385,503.9452845617764,0.0028304276056587696,1.1069238098571077e-05,0.6,0,0.0,3.4722222222222223
archive\Data\Video_Dataset\Video_Dataset\Video_Speech_Actor_03\Actor_03\01-01-02-01-01-02-03.mp4,3.7370625,112.72622503009421,292.07587599422646,0.0030477303080260754,1.3376886272453703e-05,0.5982905982905983,0,0.0,4.017857142857142
archive\Data\Video_Dataset\Video_Dataset\Video_Speech_Actor_03\Actor_03\01-01-02-01-02-01-03.mp4,3.8371875,105.72404587044387,236.79525531361173,0.002973636845126748,1.0475316230440512e-05,0.6,0,0.0,3.0381944444444446
archive\Data\Video_Dataset\Video_Dataset\Video_Speech_Actor_03\Actor_03\01-01-02-01-02-02-03.mp4,3.970625,152.12344795997288,341.1243258075639,0.008085301145911217,7.353476394200698e-05,0.6144578313253012,0,0.0,3.2679738562091503
archive\Data\Video_Dataset\Video_Dataset\Video_Speech_Actor_03\Actor_03\01-01-02-02-01-01-03.mp4,4.037375,290.0567034771912,54910.48813722004,0.004638154525309801,2.925564876932185e-05,0.6007905138339921,1,0.432,4.934210526315789
archive\Data\Video_Dataset\Video_Dataset\Video_Speech_Actor_03\Actor_03\01-01-02-02-01-02-03.mp4,3.970625,446.7798887187846,377128.6217196192,0.008021082729101181,9.337109077023342e-05,0.5983935742971888,0,0.0,3.3557046979865772
archive\Data\Video_Dataset\Video_Dataset\Video_Speech_Actor_04\Actor_04\01-01-01-01-01-01-04.mp4,3.3033125,236.29289649962516,5118.894730951288,0.002531306119635701,1.1776543033192866e-05,0.5942028985507246,1,0.368,5.08130081300813
archive\Data\Video_Dataset\Video_Dataset\Video_Speech_Actor_04\Actor_04\01-01-01-01-01-02-04.mp4,3.3700625,214.3617523846659,6657.849706874268,0.0028277067467570305,1.3715804016101174e-05,0.5687203791469194,1,0.128,4.6875
archive\Data\Video_Dataset\Video_Dataset\Video_Speech_Actor_04\Actor_04\01-01-01-01-02-01-04.mp4,3.2699375,205.74539214987945,3916.513562581364,0.0025720892008394003,1.3266107998788357e-05,0.6146341463414634,2,0.088,3.4722222222222223
archive\Data\Video_Dataset\Video_Dataset\Video_Speech_Actor_04\Actor_04\01-01-01-01-02-02-04.mp4,3.2365625,215.71382308652537,2278.002631678267,0.0021597768645733595,9.19823651202023e-06,0.5862068965517241,1,0.256,2.6260504201680672
archive\Data\Video_Dataset\Video_Dataset\Video_Speech_Actor_04\Actor_04\01-01-02-01-01-01-04.mp4,3.8038125,230.93673251093037,2858.0814771481805,0.002829744480550289,1.216943383042235e-05,0.592436974789916,1,0.14400000000000002,3.98936170212766
archive\Data\Video_Dataset\Video_Dataset\Video_Speech_Actor_04\Actor_04\01-01-02-01-01-02-04.mp4,3.7370625,222.80944906331544,4047.777135356544,0.0030441470444202423,1.2448406778275967e-05,0.5811965811965812,0,0.0,4.136029411764706
archive\Data\Video_Dataset\Video_Dataset\Video_Speech_Actor_04\Actor_04\01-01-02-01-02-01-04.mp4,3.6369375,224.3647867629859,1189.6936596000976,0.003941779490560293,2.1149888198124245e-05,0.6008771929824561,1,0.256,1.824817518248175
archive\Data\Video_Dataset\Video_Dataset\Video_Speech_Actor_04\Actor_04\01-01-02-01-02-02-04.mp4,3.57025,240.78566427743843,963.3031561646065,0.0026901785749942064,1.0531021871429402e-05,0.5803571428571429,1,0.528,4.326923076923077
archive\Data\Video_Dataset\Video_Dataset\Video_Speech_Actor_04\Actor_04\01-01-02-02-01-01-04.mp4,3.970625,243.63767114144946,1492.3973487797414,0.0026576051022857428,1.0054838639916852e-05,0.5983935742971888,0,0.0,2.936241610738255
archive\Data\Video_Dataset\Video_Dataset\Video_Speech_Actor_04\Actor_04\01-01-02-02-01-02-04.mp4,3.8038125,324.4581442921482,17386.207757449825,0.0027724041137844324,1.139404957939405e-05,0.6008403361344538,1,0.5760000000000001,5.244755244755245
archive\Data\Video_Dataset\Video_Dataset\Video_Speech_Actor_05\Actor_05\01-01-01-01-01-01-05.mp4,3.603625,127.32550602185631,207.39261027783968,0.0015846994938328862,4.8168658395297825e-06,0.5530973451327433,1,0.624,4.0
archive\Data\Video_Dataset\Video_Dataset\Video_Speech_Actor_05\Actor_05\01-01-01-01-01-02-05.mp4,3.6369375,580.039767001993,508559.82891753473,0.0013145769480615854,3.1735230550111737e-06,0.5657894736842105,1,0.048,6.2984496124031
archive\Data\Video_Dataset\Video_Dataset\Video_Speech_Actor_05\Actor_05\01-01-01-01-02-01-05.mp4,3.103125,896.371477248611,589513.0883867908,0.0021937971469014883,8.759910087974276e-06,0.5721649484536082,0,0.0,5.0675675675675675
archive\Data\Video_Dataset\Video_Dataset\Video_Speech_Actor_05\Actor_05\01-01-01-01-02-02-05.mp4,3.603625,108.78818527437282,249.6035241708697,0.0017722396878525615,5.361242529033916e-06,0.5530973451327433,1,0.512,4.0
archive\Data\Video_Dataset\Video_Dataset\Video_Speech_Actor_05\Actor_05\01-01-02-01-01-01-05.mp4,4.037375,111.28532712610121,139.1575489581404,0.0011435938067734241,2.0867416878900258e-06,0.5652173913043478,0,0.0,6.555944055944057
archive\Data\Video_Dataset\Video_Dataset\Video_Speech_Actor_05\Actor_05\01-01-02-01-01-02-05.mp4,4.104125,107.85911977854707,110.24899676895936,0.0007226448506116867,8.033904919102497e-07,0.5914396887159533,2,0.168,5.756578947368421
archive\Data\Video_Dataset\Video_Dataset\Video_Speech_Actor_05\Actor_05\01-01-02-01-02-01-05.mp4,4.1374375,586.6186976448283,638319.8887342747,0.0010736366966739297,1.684236394794425e-06,0.5637065637065637,0,0.0,7.277397260273973
archive\Data\Video_Dataset\Video_Dataset\Video_Speech_Actor_05\Actor_05\01-01-02-01-02-02-05.mp4,4.2375625,113.00051888986182,270.9048649226442,0.0017919332021847367,5.452144250739366e-06,0.5735849056603773,0,0.0,3.700657894736842
archive\Data\Video_Dataset\Video_Dataset\Video_Speech_Actor_05\Actor_05\01-01-02-02-01-01-05.mp4,4.7380625,115.4261962081033,247.06802623132378,0.0010536140762269497,1.328274379375216e-06,0.5993265993265994,1,0.128,4.213483146067416
archive\Data\Video_Dataset\Video_Dataset\Video_Speech_Actor_05\Actor_05\01-01-02-02-01-02-05.mp4,4.5045,113.15328311909049,266.1364618841829,0.000515766441822052,7.81841322350374e-07,0.5886524822695035,0,0.0,6.77710843373494
archive\Data\Video_Dataset\Video_Dataset\Video_Speech_Actor_06\Actor_06\01-01-01-01-01-01-06.mp4,3.3366875,244.08812853171204,1735.337346628298,0.001630582264624536,4.774022727360716e-06,0.5885167464114832,1,0.352,3.048780487804878
archive\Data\Video_Dataset\Video_Dataset\Video_Speech_Actor_06\Actor_06\01-01-01-01-01-02-06.mp4,3.603625,227.62208552449192,1316.6793416409685,0.002001540269702673,6.171047516545514e-06,0.6017699115044248,1,0.272,2.7573529411764706
archive\Data\Video_Dataset\Video_Dataset\Video_Speech_Actor_06\Actor_06\01-01-01-01-02-01-06.mp4,3.403375,221.24938632300325,1188.9115419654572,0.0021798317320644855,9.039565156854223e-06,0.6009389671361502,2,0.392,2.44140625
archive\Data\Video_Dataset\Video_Dataset\Video_Speech_Actor_06\Actor_06\01-01-01-01-02-02-06.mp4,3.43675,207.96260034639732,1120.49485518842,0.0021636844612658024,7.320536496990826e-06,0.5627906976744186,0,0.0,3.0991735537190084
archive\Data\Video_Dataset\Video_Dataset\Video_Speech_Actor_06\Actor_06\01-01-02-01-01-01-06.mp4,4.037375,194.99892488185043,1438.3681138910274,0.0008351123542524874,1.2008451903966488e-06,0.6205533596837944,1,0.20800000000000002,2.786624203821656
archive\Data\Video_Dataset\Video_Dataset\Video_Speech_Actor_06\Actor_06\01-01-02-01-01-02-06.mp4,4.104125,492.578362557948,390613.31995653716,0.0009809769690036774,9.597360985935666e-07,0.5797665369649806,1,0.192,3.3557046979865772
archive\Data\Video_Dataset\Video_Dataset\Video_Speech_Actor_06\Actor_06\01-01-02-01-02-01-06.mp4,3.970625,202.47268593984015,313.9747043704008,0.0013642242411151528,1.9734682155103656e-06,0.606425702811245,0,0.0,6.208609271523179
archive\Data\Video_Dataset\Video_Dataset\Video_Speech_Actor_06\Actor_06\01-01-02-01-02-02-06.mp4,4.2041875,588.3284971305962,506464.9337392357,0.0019944445230066776,5.505477474798681e-06,0.5741444866920152,0,0.0,2.8973509933774837
archive\Data\Video_Dataset\Video_Dataset\Video_Speech_Actor_06\Actor_06\01-01-02-02-01-01-06.mp4,4.5045,742.6212546221007,653597.6677665692,0.0009949121158570051,1.8558520196165773e-06,0.6170212765957447,1,0.608,3.2327586206896552
archive\Data\Video_Dataset\Video_Dataset\Video_Speech_Actor_06\Actor_06\01-01-02-02-01-02-06.mp4,4.6379375,353.7531060672569,230308.67795062062,0.0010006744414567947,1.4690619991597487e-06,0.6,0,0.0,2.873563218390805
archive\Data\Video_Dataset\Video_Dataset\Video_Speech_Actor_07\Actor_07\01-01-01-01-01-01-07.mp4,3.903875,373.4981787183531,364043.7001272269,0.002751770429313183,1.0630205906636547e-05,0.5573770491803278,0,0.0,3.676470588235294
archive\Data\Video_Dataset\Video_Dataset\Video_Speech_Actor_07\Actor_07\01-01-01-01-01-02-07.mp4,3.8038125,120.80124229688104,599.7979600163596,0.00292389583773911,1.1928630556212738e-05,0.5840336134453782,1,0.864,4.046762589928057
archive\Data\Video_Dataset\Video_Dataset\Video_Speech_Actor_07\Actor_07\01-01-01-01-02-01-07.mp4,3.7704375,123.01172349160119,777.1630122098395,0.003453602781519294,1.5315352356992662e-05,0.5635593220338984,0,0.0,3.7593984962406015
archive\Data\Video_Dataset\Video_Dataset\Video_Speech_Actor_07\Actor_07\01-01-01-01-02-02-07.mp4,3.7370625,432.55816143579085,484098.9025331265,0.0025140917859971523,9.10920698515838e-06,0.5982905982905983,1,0.736,4.017857142857142
archive\Data\Video_Dataset\Video_Dataset\Video_Speech_Actor_07\Actor_07\01-01-02-01-01-01-07.mp4,3.470125,101.67604563072669,637.3178734526825,0.0018527600914239883,5.736392722610617e-06,0.5852534562211982,0,0.0,4.429133858267717
archive\Data\Video_Dataset\Video_Dataset\Video_Speech_Actor_07\Actor_07\01-01-02-01-01-02-07.mp4,3.7370625,99.87023442321497,171.28869067567803,0.001620984054170549,3.8054458855185658e-06,0.5811965811965812,0,0.0,3.676470588235294
archive\Data\Video_Dataset\Video_Dataset\Video_Speech_Actor_07\Actor_07\01-01-02-01-02-01-07.mp4,3.5035,115.61181312363433,436.268357712116,0.001896854373626411,4.395044470584253e-06,0.5981735159817352,1,0.16,5.248091603053435
archive\Data\Video_Dataset\Video_Dataset\Video_Speech_Actor_07\Actor_07\01-01-02-01-02-02-07.mp4,3.536875,535.4280410396259,541193.5532768555,0.0019909259863197803,5.576936928264331e-06,0.5990990990990991,1,0.16,4.6992481203007515
archive\Data\Video_Dataset\Video_Dataset\Video_Speech_Actor_07\Actor_07\01-01-02-02-01-01-07.mp4,4.004,450.1468228780921,499304.55535722594,0.0018092863028869033,3.029261733900057e-06,0.601593625498008,1,0.496,3.7251655629139075
archive\Data\Video_Dataset\Video_Dataset\Video_Speech_Actor_07\Actor_07\01-01-02-02-01-02-07.mp4,3.8705625,561.7083981467227,537849.8301209406,0.0019436529837548733,4.5178690015745815e-06,0.5991735537190083,1,0.64,5.172413793103448
archive\Data\Video_Dataset\Video_Dataset\Video_Speech_Actor_08\Actor_08\01-01-01-01-01-01-08.mp4,3.5035,210.38790430215343,813.175463645803,0.00250115804374218,9.644710189604666e-06,0.5753424657534246,3,0.07466666666666667,5.4563492063492065
archive\Data\Video_Dataset\Video_Dataset\Video_Speech_Actor_08\Actor_08\01-01-01-01-01-02-08.mp4,3.6369375,178.3249583622052,3289.8913709359317,0.002665347885340452,1.0046487659565173e-05,0.5921052631578947,2,0.328,4.62962962962963
archive\Data\Video_Dataset\Video_Dataset\Video_Speech_Actor_08\Actor_08\01-01-01-01-02-01-08.mp4,3.536875,202.7314841946063,510.71933142850145,0.0029738489538431168,1.309919298364548e-05,0.536036036036036,0,0.0,5.2521008403361344
archive\Data\Video_Dataset\Video_Dataset\Video_Speech_Actor_08\Actor_08\01-01-01-01-02-02-08.mp4,3.5035,182.25867168048745,1787.1136425240852,0.0028244617860764265,1.2550846804515459e-05,0.5342465753424658,0,0.0,5.3418803418803416
archive\Data\Video_Dataset\Video_Dataset\Video_Speech_Actor_08\Actor_08\01-01-02-01-01-01-08.mp4,3.603625,197.18536377547474,1320.4004563013896,0.0017678376752883196,4.346818968770094e-06,0.5929203539823009,1,0.28800000000000003,4.664179104477611
archive\Data\Video_Dataset\Video_Dataset\Video_Speech_Actor_08\Actor_08\01-01-02-01-01-02-08.mp4,3.403375,208.7050477995866,297.6281539367731,0.0016369736986234784,3.962267783208517e-06,0.6197183098591549,1,0.20800000000000002,5.681818181818182
archive\Data\Video_Dataset\Video_Dataset\Video_Speech_Actor_08\Actor_08\01-01-02-01-02-01-08.mp4,3.470125,194.00626159263155,360.67183134435095,0.001992475241422653,6.117939847172238e-06,0.5898617511520737,3,0.3146666666666667,3.90625
archive\Data\Video_Dataset\Video_Dataset\Video_Speech_Actor_08\Actor_08\01-01-02-01-02-02-08.mp4,3.470125,184.75833048476565,2577.4972339029696,0.0017633357783779502,4.285558134142775e-06,0.5806451612903226,2,0.20800000000000002,4.464285714285714
archive\Data\Video_Dataset\Video_Dataset\Video_Speech_Actor_08\Actor_08\01-01-02-02-01-01-08.mp4,3.6369375,173.81701936133578,3420.0491247600025,0.001460535917431116,2.8112717700423673e-06,0.5570175438596491,2,0.34400000000000003,8.366141732283465
archive\Data\Video_Dataset\Video_Dataset\Video_Speech_Actor_08\Actor_08\01-01-02-02-01-02-08.mp4,3.7370625,202.14713637321623,249.83654835822122,0.0015270551666617393,2.7666530968417646e-06,0.594017094017094,1,0.384,6.2949640287769775
archive\Data\Video_Dataset\Video_Dataset\Video_Speech_Actor_09\Actor_09\01-01-01-01-01-01-09.mp4,3.2699375,86.73296871462938,187.1620444758018,0.0013792099198326468,1.5604773579980247e-06,0.6,1,0.16,4.573170731707317
archive\Data\Video_Dataset\Video_Dataset\Video_Speech_Actor_09\Actor_09\01-01-01-01-01-02-09.mp4,3.2031875,87.70739622852925,154.9014611800662,0.0009445889736525714,1.3808441963192308e-06,0.5621890547263682,1,0.192,4.977876106194691
archive\Data\Video_Dataset\Video_Dataset\Video_Speech_Actor_09\Actor_09\01-01-01-01-02-01-09.mp4,3.3366875,86.30425177328536,312.48061672647816,0.0009990533581003547,1.7078923519875389e-06,0.6124401913875598,1,0.28800000000000003,3.41796875
archive\Data\Video_Dataset\Video_Dataset\Video_Speech_Actor_09\Actor_09\01-01-01-01-02-02-09.mp4,3.2365625,87.39604590429404,63.103666547596134,0.001093083992600441,2.0804054656764492e-06,0.6108374384236454,1,0.256,4.032258064516129
archive\Data\Video_Dataset\Video_Dataset\Video_Speech_Actor_09\Actor_09\01-01-02-01-01-01-09.mp4,3.3366875,87.7682939176926,242.19172178167054,0.0009459615685045719,1.6396600130974548e-06,0.5885167464114832,1,0.304,6.097560975609756
archive\Data\Video_Dataset\Video_Dataset\Video_Speech_Actor_09\Actor_09\01-01-02-01-01-02-09.mp4,3.3366875,90.60172931328204,201.56045899880087,0.001097511500120163,2.3007557956589153e-06,0.5933014354066986,1,0.528,5.040322580645161
archive\Data\Video_Dataset\Video_Dataset\Video_Speech_Actor_09\Actor_09\01-01-02-01-02-01-09.mp4,3.470125,93.34933559482165,461.8408619747824,0.001745810848660767,5.611162578134099e-06,0.5990783410138248,1,0.368,3.3653846153846154
archive\Data\Video_Dataset\Video_Dataset\Video_Speech_Actor_09\Actor_09\01-01-02-01-02-02-09.mp4,3.57025,88.63505079230335,123.13058610378313,0.0011092900531366467,1.8750472463580081e-06,0.5803571428571429,1,0.48,5.769230769230769
archive\Data\Video_Dataset\Video_Dataset\Video_Speech_Actor_09\Actor_09\01-01-02-02-01-01-09.mp4,3.3366875,81.7922681225821,52.71810389201975,0.0005242807092145085,3.830774062407727e-07,0.6124401913875598,1,0.304,4.39453125
archive\Data\Video_Dataset\Video_Dataset\Video_Speech_Actor_09\Actor_09\01-01-02-02-01-02-09.mp4,3.43675,81.70956138098323,54.118226497157124,0.000719018978998065,4.824843244932708e-07,0.6093023255813953,0,0.0,8.587786259541984
archive\Data\Video_Dataset\Video_Dataset\Video_Speech_Actor_10\Actor_10\01-01-01-01-01-01-10.mp4,3.536875,182.4431937220022,5092.978515800883,0.00985553115606308,0.00014661450404673815,0.5675675675675675,0,0.0,3.4722222222222223
archive\Data\Video_Dataset\Video_Dataset\Video_Speech_Actor_10\Actor_10\01-01-01-01-01-02-10.mp4,3.8371875,563.3757947404165,396215.93517168285,0.007945768535137177,9.476567356614396e-05,0.5875,0,0.0,5.762411347517731
archive\Data\Video_Dataset\Video_Dataset\Video_Speech_Actor_10\Actor_10\01-01-01-01-02-01-10.mp4,3.7370625,447.41291536455094,340850.7968018399,0.011856977827847004,0.0001931311417138204,0.6153846153846154,1,0.24,3.0381944444444446
archive\Data\Video_Dataset\Video_Dataset\Video_Speech_Actor_10\Actor_10\01-01-01-01-02-02-10.mp4,3.6703125,437.2333980218729,323742.7714843609,0.008054889738559723,9.766062430571765e-05,0.6,1,0.176,4.076086956521738
archive\Data\Video_Dataset\Video_Dataset\Video_Speech_Actor_10\Actor_10\01-01-02-01-01-01-10.mp4,3.57025,571.1883360429792,296518.03023135604,0.008244214579463005,8.662147592986003e-05,0.5982142857142857,1,0.24,5.597014925373134
archive\Data\Video_Dataset\Video_Dataset\Video_Speech_Actor_10\Actor_10\01-01-02-01-01-02-10.mp4,3.603625,197.56552025639425,551.7774079122242,0.007644136901944876,8.94605545909144e-05,0.6017699115044248,0,0.0,4.136029411764706
archive\Data\Video_Dataset\Video_Dataset\Video_Speech_Actor_10\Actor_10\01-01-02-01-02-01-10.mp4,3.6369375,579.7049741574764,377371.4945345659,0.010370860807597637,0.0001512836170149967,0.5877192982456141,1,0.336,2.798507462686567
archive\Data\Video_Dataset\Video_Dataset\Video_Speech_Actor_10\Actor_10\01-01-02-01-02-02-10.mp4,3.7036875,464.19005148333736,261885.51432054825,0.011074012145400047,0.00018177027232013643,0.5818965517241379,1,0.368,4.62962962962963
archive\Data\Video_Dataset\Video_Dataset\Video_Speech_Actor_10\Actor_10\01-01-02-02-01-01-10.mp4,3.7370625,207.66456136107655,2947.369438189776,0.008314968086779118,9.680787479737774e-05,0.5982905982905983,1,0.24,3.1249999999999996
archive\Data\Video_Dataset\Video_Dataset\Video_Speech_Actor_10\Actor_10\01-01-02-02-01-02-10.mp4,3.7370625,236.36214915138004,384.2402156755473,0.010671591386198997,0.00016512602451257408,0.5897435897435898,1,0.656,4.076086956521738
archive\Data\Video_Dataset\Video_Dataset\Video_Speech_Actor_11\Actor_11\01-01-01-01-01-01-11.mp4,3.1364375,108.50842181332925,403.77479493580427,0.001824630773626268,5.6557878451712895e-06,0.5989847715736041,2,0.224,3.1779661016949152
archive\Data\Video_Dataset\Video_Dataset\Video_Speech_Actor_11\Actor_11\01-01-01-01-01-02-11.mp4,3.103125,111.13324743993138,623.8346763564398,0.0025708540342748165,1.0864670002774801e-05,0.5876288659793815,1,0.096,2.7412280701754383
archive\Data\Video_Dataset\Video_Dataset\Video_Speech_Actor_11\Actor_11\01-01-01-01-02-01-11.mp4,3.2031875,108.6244159312789,362.4949155583904,0.0021924925968050957,8.02898284746334e-06,0.5771144278606966,2,0.264,2.693965517241379
archive\Data\Video_Dataset\Video_Dataset\Video_Speech_Actor_11\Actor_11\01-01-01-01-02-02-11.mp4,3.1698125,104.9449205848317,513.921601471393,0.002268909476697445,7.331074812100269e-06,0.5728643216080402,2,0.192,4.385964912280701
archive\Data\Video_Dataset\Video_Dataset\Video_Speech_Actor_11\Actor_11\01-01-02-01-01-01-11.mp4,3.2699375,103.48426898586295,275.37577425337116,0.0011156101245433092,1.6527075104022515e-06,0.5804878048780487,0,0.0,5.2521008403361344
archive\Data\Video_Dataset\Video_Dataset\Video_Speech_Actor_11\Actor_11\01-01-02-01-01-02-11.mp4,3.3366875,99.04926746805704,169.80125076755007,0.0013661058619618416,2.126371782651404e-06,0.5980861244019139,1,0.752,4.5
archive\Data\Video_Dataset\Video_Dataset\Video_Speech_Actor_11\Actor_11\01-01-02-01-02-01-11.mp4,3.3366875,102.94307982054289,324.89138947995883,0.001946796546690166,6.309302989393473e-06,0.5789473684210527,2,0.384,3.615702479338843
archive\Data\Video_Dataset\Video_Dataset\Video_Speech_Actor_11\Actor_11\01-01-02-01-02-02-11.mp4,3.6703125,100.96722111428197,145.39618505646771,0.001346152974292636,1.992507122849929e-06,0.5869565217391305,1,0.752,5.092592592592593
archive\Data\Video_Dataset\Video_Dataset\Video_Speech_Actor_11\Actor_11\01-01-02-02-01-01-11.mp4,3.8371875,94.70086735357405,258.9402762236783,0.0010357147548347712,1.3334979485080112e-06,0.5791666666666667,1,0.20800000000000002,5.845323741007194
archive\Data\Video_Dataset\Video_Dataset\Video_Speech_Actor_11\Actor_11\01-01-02-02-01-02-11.mp4,3.7370625,113.01860826209426,122.64371744488055,0.0009592575952410698,1.2883525641882443e-06,0.5512820512820513,1,0.64,9.205426356589147
archive\Data\Video_Dataset\Video_Dataset\Video_Speech_Actor_12\Actor_12\01-01-01-01-01-01-12.mp4,3.6369375,175.33163350779168,4261.12337246075,0.002701421035453677,1.0353779543947894e-05,0.6008771929824561,1,0.128,4.1058394160583935
archive\Data\Video_Dataset\Video_Dataset\Video_Speech_Actor_12\Actor_12\01-01-01-01-01-02-12.mp4,3.536875,205.8978390893795,971.0568245865799,0.0025516448076814413,9.337767551187426e-06,0.5945945945945946,1,0.16,5.208333333333333
archive\Data\Video_Dataset\Video_Dataset\Video_Speech_Actor_12\Actor_12\01-01-01-01-02-01-12.mp4,3.603625,186.81402457058928,2085.396810549137,0.003410573350265622,1.7272601326112635e-05,0.5796460176991151,1,0.272,4.293893129770992
archive\Data\Video_Dataset\Video_Dataset\Video_Speech_Actor_12\Actor_12\01-01-01-01-02-02-12.mp4,3.6369375,161.54120659909015,3357.356765027349,0.0030295068863779306,1.2485398656281177e-05,0.6008771929824561,1,0.752,4.1058394160583935
archive\Data\Video_Dataset\Video_Dataset\Video_Speech_Actor_12\Actor_12\01-01-02-01-01-01-12.mp4,3.8705625,211.81728999927043,2412.484129604342,0.003023415105417371,1.1944707694055978e-05,0.5950413223140496,0,0.0,4.340277777777778
archive\Data\Video_Dataset\Video_Dataset\Video_Speech_Actor_12\Actor_12\01-01-02-01-01-02-12.mp4,3.7704375,183.9084561668053,4337.483138916989,0.002455727895721793,8.388679816562217e-06,0.6186440677966102,1,0.24,5.136986301369864
archive\Data\Video_Dataset\Video_Dataset\Video_Speech_Actor_12\Actor_12\01-01-02-01-02-01-12.mp4,3.7704375,194.99437910709796,2850.7408501265268,0.003277154639363289,1.4194236428011209e-05,0.597457627118644,1,0.16,3.98936170212766
archive\Data\Video_Dataset\Video_Dataset\Video_Speech_Actor_12\Actor_12\01-01-02-01-02-02-12.mp4,3.6703125,187.9247321221882,3301.053146569775,0.0029282919131219387,1.178760521725053e-05,0.6,1,0.384,2.264492753623188
archive\Data\Video_Dataset\Video_Dataset\Video_Speech_Actor_12\Actor_12\01-01-02-02-01-01-12.mp4,3.970625,194.25420712324103,2542.7940441231226,0.0025857232976704836,9.54574079514714e-06,0.5742971887550201,0,0.0,4.370629370629371
archive\Data\Video_Dataset\Video_Dataset\Video_Speech_Actor_12\Actor_12\01-01-02-02-01-02-12.mp4,3.7704375,178.71558745164805,3871.082399275269,0.0026937476359307766,1.06353627415956e-05,0.597457627118644,1,0.352,4.875886524822696
archive\Data\Video_Dataset\Video_Dataset\Video_Speech_Actor_13\Actor_13\01-01-01-01-01-01-13.mp4,3.1698125,104.51527442996692,482.75978303160946,0.001951085519976914,8.31584748084424e-06,0.5778894472361809,2,0.296,3.8043478260869565
archive\Data\Video_Dataset\Video_Dataset\Video_Speech_Actor_13\Actor_13\01-01-01-01-01-02-13.mp4,3.2031875,114.81153686726564,358.9693383188028,0.0020135119557380676,8.64356024976587e-06,0.5771144278606966,1,0.128,3.771551724137931
archive\Data\Video_Dataset\Video_Dataset\Video_Speech_Actor_13\Actor_13\01-01-01-01-02-01-13.mp4,3.06975,119.65394894582992,581.5569508730048,0.002054415876045823,9.172800673695747e-06,0.6041666666666666,3,0.35733333333333334,3.232758620689655
archive\Data\Video_Dataset\Video_Dataset\Video_Speech_Actor_13\Actor_13\01-01-01-01-02-02-13.mp4,3.1364375,121.52148737312947,549.1594649871518,0.002490301849320531,1.3203190064814407e-05,0.5583756345177665,2,0.272,2.272727272727273
archive\Data\Video_Dataset\Video_Dataset\Video_Speech_Actor_13\Actor_13\01-01-02-01-01-01-13.mp4,3.3033125,110.51070490753722,389.0833563997227,0.0016567708225920796,4.469362011150224e-06,0.6280193236714976,1,0.512,4.326923076923077
archive\Data\Video_Dataset\Video_Dataset\Video_Speech_Actor_13\Actor_13\01-01-02-01-01-02-13.mp4,3.1698125,112.11341778745077,446.3580846094708,0.0018220692873001099,6.1637106227863114e-06,0.5979899497487438,1,0.256,4.201680672268908
archive\Data\Video_Dataset\Video_Dataset\Video_Speech_Actor_13\Actor_13\01-01-02-01-02-01-13.mp4,3.1364375,108.82696298535724,189.10644863578457,0.0016494967276230454,4.5890474211773835e-06,0.5888324873096447,2,0.168,4.310344827586206
archive\Data\Video_Dataset\Video_Dataset\Video_Speech_Actor_13\Actor_13\01-01-02-01-02-02-13.mp4,2.93625,108.60879885134169,239.80724601032884,0.0016380536835640669,5.900702490180265e-06,0.5706521739130435,1,0.592,4.761904761904762
archive\Data\Video_Dataset\Video_Dataset\Video_Speech_Actor_13\Actor_13\01-01-02-02-01-01-13.mp4,3.1364375,103.53426022131195,104.47586210813955,0.0016116570914164186,4.871862529398641e-06,0.5583756345177665,1,0.384,3.409090909090909
archive\Data\Video_Dataset\Video_Dataset\Video_Speech_Actor_13\Actor_13\01-01-02-02-01-02-13.mp4,3.2031875,108.42791456822904,259.85864807053116,0.0021562473848462105,8.767374310991727e-06,0.572139303482587,2,0.192,3.260869565217391
archive\Data\Video_Dataset\Video_Dataset\Video_Speech_Actor_14\Actor_14\01-01-01-01-01-01-14.mp4,3.470125,207.95742128024418,5640.0775486330995,0.001160208135843277,2.6185559818259208e-06,0.6267281105990783,0,0.0,3.2169117647058822
archive\Data\Video_Dataset\Video_Dataset\Video_Speech_Actor_14\Actor_14\01-01-01-01-01-02-14.mp4,3.3366875,156.9829731756865,5789.211308837129,0.0010752850212156773,2.2379022084351163e-06,0.5980861244019139,1,0.14400000000000002,6.0
archive\Data\Video_Dataset\Video_Dataset\Video_Speech_Actor_14\Actor_14\01-01-01-01-02-01-14.mp4,3.470125,169.71439722169737,8333.83481745847,0.0015305253909900784,4.21547611040296e-06,0.5852534562211982,1,0.20800000000000002,2.952755905511811
archive\Data\Video_Dataset\Video_Dataset\Video_Speech_Actor_14\Actor_14\01-01-01-01-02-02-14.mp4,3.57025,203.15710328276424,7146.907812558846,0.0016472932184115052,4.5768633754050825e-06,0.5848214285714286,1,0.14400000000000002,3.3396946564885495
archive\Data\Video_Dataset\Video_Dataset\Video_Speech_Actor_14\Actor_14\01-01-02-01-01-01-14.mp4,3.7370625,232.195680490204,6725.204576118249,0.0016675058286637068,5.818292720505269e-06,0.5811965811965812,0,0.0,4.136029411764706
archive\Data\Video_Dataset\Video_Dataset\Video_Speech_Actor_14\Actor_14\01-01-02-01-01-02-14.mp4,3.57025,197.9478422748365,4214.996934404541,0.0009770247852429748,1.5027223980723647e-06,0.5892857142857143,0,0.0,3.7878787878787876
archive\Data\Video_Dataset\Video_Dataset\Video_Speech_Actor_14\Actor_14\01-01-02-01-02-01-14.mp4,3.403375,251.70853831983146,1950.3105636638918,0.0017414310714229941,5.615510872303275e-06,0.5774647887323944,1,0.336,3.5569105691056913
archive\Data\Video_Dataset\Video_Dataset\Video_Speech_Actor_14\Actor_14\01-01-02-01-02-02-14.mp4,3.5035,238.5761317892225,965.906658327015,0.0019099937053397298,6.687406767014181e-06,0.589041095890411,0,0.0,3.391472868217054
archive\Data\Video_Dataset\Video_Dataset\Video_Speech_Actor_14\Actor_14\01-01-02-02-01-01-14.mp4,3.8705625,177.96916521290316,2753.260832069643,0.0005612628301605582,1.0105756018674583e-06,0.5991735537190083,1,0.624,3.4482758620689657
archive\Data\Video_Dataset\Video_Dataset\Video_Speech_Actor_14\Actor_14\01-01-02-02-01-02-14.mp4,3.903875,244.60483237706933,2037.7757178465113,0.0008031423203647137,1.1055107052015956e-06,0.5983606557377049,1,0.112,2.568493150684932
archive\Data\Video_Dataset\Video_Dataset\Video_Speech_Actor_15\Actor_15\01-01-01-01-01-01-15.mp4,3.3700625,135.60284396832608,642.2880550001252,0.00450043473392725,3.762765845749527e-05,0.5781990521327014,0,0.0,4.610655737704918
archive\Data\Video_Dataset\Video_Dataset\Video_Speech_Actor_15\Actor_15\01-01-01-01-01-02-15.mp4,3.43675,133.34318650576262,256.9021838982309,0.0037058303132653236,2.7094365577795543e-05,0.5720930232558139,1,0.4,5.08130081300813
archive\Data\Video_Dataset\Video_Dataset\Video_Speech_Actor_15\Actor_15\01-01-01-01-02-01-15.mp4,3.43675,124.19172620627052,748.1773608500008,0.004471081309020519,3.385490708751604e-05,0.5813953488372093,2,0.216,4.0
archive\Data\Video_Dataset\Video_Dataset\Video_Speech_Actor_15\Actor_15\01-01-01-01-02-02-15.mp4,3.403375,118.81439445762851,1072.7874772513437,0.004429168533533812,3.738602390512824e-05,0.5821596244131455,0,0.0,3.024193548387097
archive\Data\Video_Dataset\Video_Dataset\Video_Speech_Actor_15\Actor_15\01-01-02-01-01-01-15.mp4,3.57025,125.69674283407242,389.124916588556,0.002670417306944728,1.3435980690701399e-05,0.5892857142857143,0,0.0,3.3143939393939394
archive\Data\Video_Dataset\Video_Dataset\Video_Speech_Actor_15\Actor_15\01-01-02-01-01-02-15.mp4,3.57025,122.47591475154255,1378.3381029778568,0.00300091621465981,1.546207749925088e-05,0.6071428571428571,0,0.0,3.676470588235294
archive\Data\Video_Dataset\Video_Dataset\Video_Speech_Actor_15\Actor_15\01-01-02-01-02-01-15.mp4,3.7370625,128.20260323509268,244.76488264105112,0.003620837815105915,1.1906411600648426e-05,0.6025641025641025,1,0.368,4.875886524822696
archive\Data\Video_Dataset\Video_Dataset\Video_Speech_Actor_15\Actor_15\01-01-02-01-02-02-15.mp4,3.57025,123.2514994585023,229.67575481605715,0.0032854643650352955,1.7722299162414856e-05,0.5580357142857143,1,0.512,5.5
archive\Data\Video_Dataset\Video_Dataset\Video_Speech_Actor_15\Actor_15\01-01-02-02-01-01-15.mp4,3.6703125,128.8823253291635,347.741211769552,0.0032629400957375765,1.7098256648750976e-05,0.5739130434782609,0,0.0,3.7878787878787876
archive\Data\Video_Dataset\Video_Dataset\Video_Speech_Actor_15\Actor_15\01-01-02-02-01-02-15.mp4,3.8038125,114.71230721243926,648.5326203231324,0.0032981454860419035,1.853029061749112e-05,0.6176470588235294,1,0.14400000000000002,5.1020408163265305
archive\Data\Video_Dataset\Video_Dataset\Video_Speech_Actor_16\Actor_16\01-01-01-01-01-01-16.mp4,3.7370625,177.2218831589165,831.8627906033357,0.0029858225025236607,1.3498562111635692e-05,0.5811965811965812,1,0.14400000000000002,4.136029411764706
archive\Data\Video_Dataset\Video_Dataset\Video_Speech_Actor_16\Actor_16\01-01-01-01-01-02-16.mp4,3.7370625,163.45894269982645,3010.312687482508,0.0031838936265558004,1.6284853700199164e-05,0.5811965811965812,0,0.0,4.595588235294118
archive\Data\Video_Dataset\Video_Dataset\Video_Speech_Actor_16\Actor_16\01-01-01-01-02-01-16.mp4,3.603625,175.94058614243585,4235.452570539671,0.004682629834860563,3.418424603296444e-05,0.5973451327433629,1,0.16,3.7037037037037033
archive\Data\Video_Dataset\Video_Dataset\Video_Speech_Actor_16\Actor_16\01-01-01-01-02-02-16.mp4,3.57025,195.34277300547825,1208.8090928895256,0.004351546056568623,3.1622992537450045e-05,0.6205357142857143,1,0.032,4.046762589928057
archive\Data\Video_Dataset\Video_Dataset\Video_Speech_Actor_16\Actor_16\01-01-02-01-01-01-16.mp4,3.7036875,184.40787721589246,532.5828801248485,0.0023360096383839846,8.184989383153152e-06,0.5905172413793104,0,0.0,4.1058394160583935
archive\Data\Video_Dataset\Video_Dataset\Video_Speech_Actor_16\Actor_16\01-01-02-01-01-02-16.mp4,3.8705625,201.47566412937266,1666.198695420506,0.00333297997713089,1.637101377127692e-05,0.5991735537190083,0,0.0,3.8793103448275863
archive\Data\Video_Dataset\Video_Dataset\Video_Speech_Actor_16\Actor_16\01-01-02-01-02-01-16.mp4,3.8038125,182.92322752108845,847.018448913666,0.003069324651733041,1.6084233720903285e-05,0.5840336134453782,0,0.0,3.597122302158273
archive\Data\Video_Dataset\Video_Dataset\Video_Speech_Actor_16\Actor_16\01-01-02-01-02-02-16.mp4,3.6703125,165.7891770172833,1282.3368228425113,0.003941919654607773,2.561165820225142e-05,0.5608695652173913,0,0.0,4.3604651162790695
archive\Data\Video_Dataset\Video_Dataset\Video_Speech_Actor_16\Actor_16\01-01-02-02-01-01-16.mp4,3.8705625,197.56462723306146,2350.8177409324703,0.0031800398137420416,1.734605393721722e-05,0.5826446280991735,0,0.0,4.432624113475177
archive\Data\Video_Dataset\Video_Dataset\Video_Speech_Actor_16\Actor_16\01-01-02-02-01-02-16.mp4,3.93725,194.03612027031602,1411.799961879315,0.005295316223055124,4.1091087041422725e-05,0.5910931174089069,1,0.112,3.4246575342465757
archive\Data\Video_Dataset\Video_Dataset\Video_Speech_Actor_17\Actor_17\01-01-01-01-01-01-17.mp4,3.8371875,104.63086385691538,363.83319763977187,0.004053914453834295,2.802068593155127e-05,0.55,1,0.304,5.208333333333333
archive\Data\Video_Dataset\Video_Dataset\Video_Speech_Actor_17\Actor_17\01-01-01-01-01-02-17.mp4,3.5035,110.26196857471416,142.83673604622325,0.003974429797381163,3.088820812990889e-05,0.6027397260273972,2,0.432,2.367424242424242
archive\Data\Video_Dataset\Video_Dataset\Video_Speech_Actor_17\Actor_17\01-01-01-01-02-01-17.mp4,3.5035,110.1355315488446,157.39227760750117,0.004819516092538834,4.066201290697791e-05,0.5525114155251142,0,0.0,3.0991735537190084
archive\Data\Video_Dataset\Video_Dataset\Video_Speech_Actor_17\Actor_17\01-01-01-01-02-02-17.mp4,3.470125,456.1041721129682,393341.46026214387,0.004655156750231981,4.160384560236707e-05,0.511520737327189,1,0.096,3.3783783783783785
archive\Data\Video_Dataset\Video_Dataset\Video_Speech_Actor_17\Actor_17\01-01-02-01-01-01-17.mp4,3.5035,116.80878598424982,540.0859534930921,0.0036678204778581858,2.810447767842561e-05,0.5707762557077626,2,0.112,4.5
archive\Data\Video_Dataset\Video_Dataset\Video_Speech_Actor_17\Actor_17\01-01-02-01-01-02-17.mp4,3.536875,104.4174857575611,1179.4996653608694,0.004479209426790476,3.7184174288995564e-05,0.5720720720720721,1,0.368,3.4448818897637796
archive\Data\Video_Dataset\Video_Dataset\Video_Speech_Actor_17\Actor_17\01-01-02-01-02-01-17.mp4,3.7370625,101.54699630587324,826.3517944043256,0.004608869086951017,3.640139038907364e-05,0.5982905982905983,2,0.656,2.2321428571428568
archive\Data\Video_Dataset\Video_Dataset\Video_Speech_Actor_17\Actor_17\01-01-02-01-02-02-17.mp4,3.7704375,435.2131559808473,383541.28940697893,0.005042870994657278,3.7496272852877155e-05,0.5805084745762712,1,0.24,4.1058394160583935
archive\Data\Video_Dataset\Video_Dataset\Video_Speech_Actor_17\Actor_17\01-01-02-02-01-01-17.mp4,3.8705625,107.46071439519584,700.2879410984367,0.003909650258719921,2.3028247596812434e-05,0.6074380165289256,0,0.0,3.4013605442176873
archive\Data\Video_Dataset\Video_Dataset\Video_Speech_Actor_17\Actor_17\01-01-02-02-01-02-17.mp4,3.603625,95.56648845783484,461.4613206150361,0.002875673584640026,1.4170282156555913e-05,0.5973451327433629,1,0.24,3.2407407407407405
archive\Data\Video_Dataset\Video_Dataset\Video_Speech_Actor_18\Actor_18\01-01-01-01-01-01-18.mp4,3.470125,177.30724966492636,53.46555419722864,0.0018155064899474382,4.621882453648141e-06,0.5990783410138248,0,0.0,4.326923076923077
archive\Data\Video_Dataset\Video_Dataset\Video_Speech_Actor_18\Actor_18\01-01-01-01-01-02-18.mp4,3.536875,177.62451114035787,105.97235836579871,0.0021057974081486464,6.147172825876623e-06,0.5900900900900901,0,0.0,3.3396946564885495
archive\Data\Video_Dataset\Video_Dataset\Video_Speech_Actor_18\Actor_18\01-01-01-01-02-01-18.mp4,3.470125,182.42224957874282,361.3890782397596,0.0018592769047245383,4.899598025076557e-06,0.5898617511520737,0,0.0,4.39453125
archive\Data\Video_Dataset\Video_Dataset\Video_Speech_Actor_18\Actor_18\01-01-01-01-02-02-18.mp4,3.470125,173.60027682546277,189.736589534726,0.001966956304386258,5.584994596574688e-06,0.5806451612903226,0,0.0,3.4722222222222223
archive\Data\Video_Dataset\Video_Dataset\Video_Speech_Actor_18\Actor_18\01-01-02-01-01-01-18.mp4,3.470125,193.37777492338682,681.1941697143857,0.002704465528950095,1.0901972018473316e-05,0.5990783410138248,0,0.0,6.25
archive\Data\Video_Dataset\Video_Dataset\Video_Speech_Actor_18\Actor_18\01-01-02-01-01-02-18.mp4,3.403375,181.11728710868033,490.31769501295435,0.002445758553221822,8.331797289429232e-06,0.5774647887323944,0,0.0,4.065040650406504
archive\Data\Video_Dataset\Video_Dataset\Video_Speech_Actor_18\Actor_18\01-01-02-01-02-01-18.mp4,3.6369375,186.7060847339163,769.6158666399102,0.003288310021162033,1.4670106793346349e-05,0.6008771929824561,0,0.0,3.1934306569343063
archive\Data\Video_Dataset\Video_Dataset\Video_Speech_Actor_18\Actor_18\01-01-02-01-02-02-18.mp4,3.5035,184.73756115377407,822.6439685159178,0.003278447315096855,1.524637991678901e-05,0.5981735159817352,0,0.0,3.3396946564885495
archive\Data\Video_Dataset\Video_Dataset\Video_Speech_Actor_18\Actor_18\01-01-02-02-01-01-18.mp4,3.603625,187.9718350321068,425.0052118423391,0.002405915642157197,7.950722647365183e-06,0.6106194690265486,0,0.0,2.7173913043478257
archive\Data\Video_Dataset\Video_Dataset\Video_Speech_Actor_18\Actor_18\01-01-02-02-01-02-18.mp4,3.603625,179.2327308864016,513.3450090212234,0.002177821472287178,6.055773610569304e-06,0.5973451327433629,0,0.0,5.092592592592593
archive\Data\Video_Dataset\Video_Dataset\Video_Speech_Actor_19\Actor_19\01-01-01-01-01-01-19.mp4,3.3700625,117.04349778947442,266.53890917663597,0.0022828662768006325,8.296608939417638e-06,0.6018957345971564,0,0.0,5.413385826771654
archive\Data\Video_Dataset\Video_Dataset\Video_Speech_Actor_19\Actor_19\01-01-01-01-01-02-19.mp4,3.2365625,127.95614207318027,601.2283017379212,0.0022342875599861145,7.169336640799884e-06,0.6059113300492611,1,0.384,6.097560975609756
archive\Data\Video_Dataset\Video_Dataset\Video_Speech_Actor_19\Actor_19\01-01-01-01-02-01-19.mp4,3.3366875,119.49098760457362,226.87626702141,0.0021441548597067595,6.539944024552824e-06,0.5789473684210527,2,0.536,4.648760330578512
archive\Data\Video_Dataset\Video_Dataset\Video_Speech_Actor_19\Actor_19\01-01-01-01-02-02-19.mp4,3.3033125,123.77663246304297,579.1731147571298,0.0025262797717005014,1.0615190149110276e-05,0.5990338164251208,2,0.352,3.024193548387097
archive\Data\Video_Dataset\Video_Dataset\Video_Speech_Actor_19\Actor_19\01-01-02-01-01-01-19.mp4,3.6703125,126.78127300140626,1919.249190992909,0.001197204808704555,1.6573250150031527e-06,0.6,2,0.34400000000000003,6.340579710144927
archive\Data\Video_Dataset\Video_Dataset\Video_Speech_Actor_19\Actor_19\01-01-02-01-01-02-19.mp4,3.6703125,120.77258741588669,957.9100231298614,0.0013560374500229955,2.214197820649133e-06,0.5782608695652174,1,0.448,9.398496240601503
archive\Data\Video_Dataset\Video_Dataset\Video_Speech_Actor_19\Actor_19\01-01-02-01-02-01-19.mp4,3.3366875,127.60244853105375,657.5910447424137,0.0015128793893381953,3.3396645449101925e-06,0.583732057416268,1,0.464,8.19672131147541
archive\Data\Video_Dataset\Video_Dataset\Video_Speech_Actor_19\Actor_19\01-01-02-01-02-02-19.mp4,3.470125,122.61243115503268,2045.7218668669716,0.0013094566529616714,2.300365167684504e-06,0.5852534562211982,2,0.376,4.921259842519685
archive\Data\Video_Dataset\Video_Dataset\Video_Speech_Actor_19\Actor_19\01-01-02-02-01-01-19.mp4,4.471125,149.68516527566996,924.0399949020776,0.002725413767620921,7.485275546059711e-06,0.6,0,0.0,3.720238095238095
archive\Data\Video_Dataset\Video_Dataset\Video_Speech_Actor_19\Actor_19\01-01-02-02-01-02-19.mp4,4.037375,126.15907448900569,164.80222354778556,0.0022184266708791256,5.828961548104417e-06,0.5573122529644269,1,0.768,5.319148936170214
archive\Data\Video_Dataset\Video_Dataset\Video_Speech_Actor_20\Actor_20\01-01-01-01-01-01-20.mp4,3.470125,231.49773356938846,1182.4161681354508,0.0015597592573612928,4.336675374361221e-06,0.5806451612903226,1,0.112,3.9682539682539684
archive\Data\Video_Dataset\Video_Dataset\Video_Speech_Actor_20\Actor_20\01-01-01-01-01-02-20.mp4,3.57025,205.38098719158296,8101.05235736462,0.0021801532711833715,7.398094112431863e-06,0.5982142857142857,1,0.112,3.264925373134328
archive\Data\Video_Dataset\Video_Dataset\Video_Speech_Actor_20\Actor_20\01-01-01-01-02-01-20.mp4,3.43675,175.01977722252178,7406.006396687631,0.0019103540107607841,6.583507001778344e-06,0.6,0,0.0,2.4224806201550386
archive\Data\Video_Dataset\Video_Dataset\Video_Speech_Actor_20\Actor_20\01-01-01-01-02-02-20.mp4,3.536875,248.2901854551684,1736.9688777512708,0.0021050560753792524,7.743085916445125e-06,0.5585585585585585,0,0.0,3.528225806451613
archive\Data\Video_Dataset\Video_Dataset\Video_Speech_Actor_20\Actor_20\01-01-02-01-01-01-20.mp4,3.6369375,209.50210241874953,348.9039598665356,0.0008174933609552681,1.0189996828557923e-06,0.5921052631578947,0,0.0,3.7037037037037033
archive\Data\Video_Dataset\Video_Dataset\Video_Speech_Actor_20\Actor_20\01-01-02-01-01-02-20.mp4,3.57025,220.4107872417353,1003.3786837776898,0.0007558321231044829,9.652492281020386e-07,0.5401785714285714,0,0.0,3.615702479338843
archive\Data\Video_Dataset\Video_Dataset\Video_Speech_Actor_20\Actor_20\01-01-02-01-02-01-20.mp4,3.3366875,194.26938538415888,3978.452507181212,0.0005842953105457127,5.195068411012471e-07,0.5311004784688995,0,0.0,8.445945945945946
archive\Data\Video_Dataset\Video_Dataset\Video_Speech_Actor_20\Actor_20\01-01-02-01-02-02-20.mp4,3.5035,210.28032976032708,375.5153212775169,0.0007974572945386171,9.638841902415152e-07,0.5707762557077626,0,0.0,2.5
archive\Data\Video_Dataset\Video_Dataset\Video_Speech_Actor_20\Actor_20\01-01-02-02-01-01-20.mp4,3.8705625,185.47085096801084,10612.365278659396,0.000569676049053669,4.778918309966684e-07,0.5826446280991735,0,0.0,4.432624113475177
archive\Data\Video_Dataset\Video_Dataset\Video_Speech_Actor_20\Actor_20\01-01-02-02-01-02-20.mp4,4.07075,159.14809576404272,3293.2959377109037,0.0004952868912369013,3.5489310334924085e-07,0.6,0,0.0,5.310457516339869
archive\Data\Video_Dataset\Video_Dataset\Video_Speech_Actor_21\Actor_21\01-01-01-01-01-01-21.mp4,3.8371875,94.33836933415805,230.9312071597853,0.005841133184731007,6.680589285679162e-05,0.5791666666666667,1,0.28800000000000003,4.496402877697841
archive\Data\Video_Dataset\Video_Dataset\Video_Speech_Actor_21\Actor_21\01-01-01-01-01-02-21.mp4,3.970625,92.0459897961977,190.97950817544555,0.00558542599901557,6.390077760443091e-05,0.5983935742971888,1,0.112,3.7751677852348995
archive\Data\Video_Dataset\Video_Dataset\Video_Speech_Actor_21\Actor_21\01-01-01-01-02-01-21.mp4,3.603625,91.76735052099703,194.14549168875965,0.006612177472561598,7.364844350377098e-05,0.5973451327433629,1,0.14400000000000002,4.166666666666666
archive\Data\Video_Dataset\Video_Dataset\Video_Speech_Actor_21\Actor_21\01-01-01-01-02-02-21.mp4,3.6703125,90.95983562029598,195.49694401760834,0.005283379927277565,5.245991633273661e-05,0.6,1,0.224,2.7173913043478257
archive\Data\Video_Dataset\Video_Dataset\Video_Speech_Actor_21\Actor_21\01-01-02-01-01-01-21.mp4,4.037375,90.72532663376589,211.5609705303987,0.0036994311958551407,2.591175325505901e-05,0.5731225296442688,0,0.0,4.310344827586207
archive\Data\Video_Dataset\Video_Dataset\Video_Speech_Actor_21\Actor_21\01-01-02-01-01-02-21.mp4,4.004,90.56730439944171,155.24471808527073,0.004574574995785952,3.443775131017901e-05,0.5976095617529881,1,0.304,4.166666666666667
archive\Data\Video_Dataset\Video_Dataset\Video_Speech_Actor_21\Actor_21\01-01-02-01-02-01-21.mp4,3.8038125,89.2630396080579,279.5992463579372,0.004380245693027973,3.316595029900782e-05,0.6008403361344538,1,0.192,3.0594405594405596
archive\Data\Video_Dataset\Video_Dataset\Video_Speech_Actor_21\Actor_21\01-01-02-01-02-02-21.mp4,4.07075,86.70387776092359,178.26856384635843,0.004227102268487215,2.946150016214233e-05,0.592156862745098,2,0.168,3.3112582781456954
archive\Data\Video_Dataset\Video_Dataset\Video_Speech_Actor_21\Actor_21\01-01-02-02-01-01-21.mp4,4.004,94.28759879382417,206.6199112764859,0.003753047436475754,2.36487940128427e-05,0.5896414342629482,1,0.28800000000000003,3.3783783783783785
archive\Data\Video_Dataset\Video_Dataset\Video_Speech_Actor_21\Actor_21\01-01-02-02-01-02-21.mp4,4.1708125,91.59211876921924,120.79597188072036,0.0038722825702279806,2.4499282517354004e-05,0.5977011494252874,2,0.176,4.407051282051282
archive\Data\Video_Dataset\Video_Dataset\Video_Speech_Actor_22\Actor_22\01-01-01-01-01-01-22.mp4,3.6369375,327.0524337002161,216983.21958360198,0.002282804111018777,6.908670457050903e-06,0.6052631578947368,1,0.28800000000000003,3.623188405797101
archive\Data\Video_Dataset\Video_Dataset\Video_Speech_Actor_22\Actor_22\01-01-01-01-01-02-22.mp4,3.43675,180.9698844943751,2262.3692606174513,0.002573190024122596,1.1253797310928348e-05,0.6046511627906976,2,0.08,6.25
archive\Data\Video_Dataset\Video_Dataset\Video_Speech_Actor_22\Actor_22\01-01-01-01-02-01-22.mp4,3.603625,181.76419230118182,2981.1560853696556,0.002732821274548769,1.1275980796199292e-05,0.5973451327433629,1,0.20800000000000002,3.7037037037037033
archive\Data\Video_Dataset\Video_Dataset\Video_Speech_Actor_22\Actor_22\01-01-01-01-02-02-22.mp4,3.536875,399.4745650246775,266426.22074392345,0.002545589581131935,1.0198411473538727e-05,0.6036036036036037,1,0.24,4.664179104477611
archive\Data\Video_Dataset\Video_Dataset\Video_Speech_Actor_22\Actor_22\01-01-02-01-01-01-22.mp4,3.536875,170.51953600323924,2429.4838931733248,0.0016195687931030989,4.13791713071987e-06,0.6081081081081081,1,0.14400000000000002,6.018518518518518
archive\Data\Video_Dataset\Video_Dataset\Video_Speech_Actor_22\Actor_22\01-01-02-01-01-02-22.mp4,3.536875,193.7102023374714,2195.1803958804944,0.0017336367163807154,5.169416454009479e-06,0.6081081081081081,1,0.16,5.555555555555555
archive\Data\Video_Dataset\Video_Dataset\Video_Speech_Actor_22\Actor_22\01-01-02-01-02-01-22.mp4,3.57025,172.7323635386962,3345.2392948456572,0.00228424952365458,8.458810953015927e-06,0.5982142857142857,1,0.16,4.197761194029851
archive\Data\Video_Dataset\Video_Dataset\Video_Speech_Actor_22\Actor_22\01-01-02-01-02-02-22.mp4,3.536875,165.46392819281832,2427.269146563717,0.0019927232060581446,8.489779247611295e-06,0.5990990990990991,1,0.24,4.2293233082706765
archive\Data\Video_Dataset\Video_Dataset\Video_Speech_Actor_22\Actor_22\01-01-02-02-01-01-22.mp4,3.7036875,166.64246249889354,2646.5715572838153,0.0015972715336829424,3.8107982618384995e-06,0.5991379310344828,1,0.176,5.395683453237409
archive\Data\Video_Dataset\Video_Dataset\Video_Speech_Actor_22\Actor_22\01-01-02-02-01-02-22.mp4,3.8371875,152.83015796331404,3595.8822832011206,0.001994720194488764,6.0687043514917605e-06,0.6,1,0.112,4.774305555555556
archive\Data\Video_Dataset\Video_Dataset\Video_Speech_Actor_23\Actor_23\01-01-01-01-01-01-23.mp4,3.8038125,148.4342315477657,473.5836061155592,0.004881499335169792,4.0775557863526046e-05,0.5840336134453782,0,0.0,4.046762589928057
archive\Data\Video_Dataset\Video_Dataset\Video_Speech_Actor_23\Actor_23\01-01-01-01-01-02-23.mp4,3.7370625,150.00110117570824,380.39192657367573,0.00562973041087389,5.374044121708721e-05,0.5982905982905983,0,0.0,3.571428571428571
archive\Data\Video_Dataset\Video_Dataset\Video_Speech_Actor_23\Actor_23\01-01-01-01-02-01-23.mp4,3.6703125,136.70029996326565,1271.9808901964138,0.0060414536856114864,6.309490709099919e-05,0.5869565217391305,1,0.672,2.7777777777777777
archive\Data\Video_Dataset\Video_Dataset\Video_Speech_Actor_23\Actor_23\01-01-01-01-02-02-23.mp4,3.8371875,149.00212910486317,839.5086836955992,0.00603490648791194,6.198179471539333e-05,0.5625,1,0.672,4.166666666666666
archive\Data\Video_Dataset\Video_Dataset\Video_Speech_Actor_23\Actor_23\01-01-02-01-01-01-23.mp4,3.970625,130.80771330635096,443.6419023135047,0.0026958617381751537,1.4778772310819477e-05,0.5903614457831325,0,0.0,3.4013605442176873
archive\Data\Video_Dataset\Video_Dataset\Video_Speech_Actor_23\Actor_23\01-01-02-01-01-02-23.mp4,4.07075,126.12526618707558,948.1032480683783,0.002525585237890482,1.2443631021596957e-05,0.5764705882352941,0,0.0,2.9761904761904763
archive\Data\Video_Dataset\Video_Dataset\Video_Speech_Actor_23\Actor_23\01-01-02-01-02-01-23.mp4,4.1708125,141.0524911587714,1133.9834953902805,0.003741284366697073,3.211512012057938e-05,0.578544061302682,1,0.128,2.06953642384106
archive\Data\Video_Dataset\Video_Dataset\Video_Speech_Actor_23\Actor_23\01-01-02-01-02-02-23.mp4,4.004,133.12692076956972,809.5398213030353,0.0035248063504695892,2.1613548597088084e-05,0.6095617529880478,1,0.176,3.2679738562091503
archive\Data\Video_Dataset\Video_Dataset\Video_Speech_Actor_23\Actor_23\01-01-02-02-01-01-23.mp4,4.604625,142.9818744766441,804.1909493220138,0.0032397566828876734,1.6975394828477874e-05,0.5868055555555556,1,0.336,2.588757396449704
archive\Data\Video_Dataset\Video_Dataset\Video_Speech_Actor_23\Actor_23\01-01-02-02-01-02-23.mp4,4.604625,136.48046178589777,522.1496870303425,0.002792700659483671,1.4299821486929432e-05,0.6006944444444444,3,0.18133333333333335,3.9739884393063587
archive\Data\Video_Dataset\Video_Dataset\Video_Speech_Actor_24\Actor_24\01-01-01-01-01-01-24.mp4,3.7036875,221.19997620565965,539.9866018512664,0.0026251357048749924,1.1186099982296582e-05,0.5732758620689655,1,0.176,3.289473684210526
archive\Data\Video_Dataset\Video_Dataset\Video_Speech_Actor_24\Actor_24\01-01-01-01-01-02-24.mp4,3.6369375,228.0106190344762,499.09635583446556,0.00241596600972116,9.770689757715445e-06,0.618421052631579,1,0.048,3.1028368794326244
archive\Data\Video_Dataset\Video_Dataset\Video_Speech_Actor_24\Actor_24\01-01-01-01-02-01-24.mp4,3.6369375,233.67401034834782,777.4497891360165,0.0029572416096925735,1.4450232811213937e-05,0.5482456140350878,0,0.0,4.0
archive\Data\Video_Dataset\Video_Dataset\Video_Speech_Actor_24\Actor_24\01-01-01-01-02-02-24.mp4,3.603625,219.91317152378738,2152.2592894531685,0.0035533406771719456,2.3371498173219152e-05,0.588495575221239,1,0.272,4.2293233082706765
archive\Data\Video_Dataset\Video_Dataset\Video_Speech_Actor_24\Actor_24\01-01-02-01-01-01-24.mp4,3.57025,234.58071138663468,2155.817749469381,0.001380961388349533,3.092238330282271e-06,0.5982142857142857,1,0.224,2.798507462686567
archive\Data\Video_Dataset\Video_Dataset\Video_Speech_Actor_24\Actor_24\01-01-02-01-01-02-24.mp4,3.5035,232.4627281566395,1103.1590867853247,0.0014914755010977387,3.3269025152549148e-06,0.5981735159817352,0,0.0,4.770992366412213
archive\Data\Video_Dataset\Video_Dataset\Video_Speech_Actor_24\Actor_24\01-01-02-01-02-01-24.mp4,3.8705625,215.62235548948607,77.93213091988498,0.001635827822610736,3.1911442874843488e-06,0.5826446280991735,1,0.64,3.98936170212766
archive\Data\Video_Dataset\Video_Dataset\Video_Speech_Actor_24\Actor_24\01-01-02-01-02-02-24.mp4,3.7036875,216.2453552793811,172.42570924411413,0.0024079123977571726,9.015970135806128e-06,0.5775862068965517,1,0.16,3.731343283582089
archive\Data\Video_Dataset\Video_Dataset\Video_Speech_Actor_24\Actor_24\01-01-02-02-01-01-24.mp4,4.104125,226.66039384425173,1092.4055182003533,0.002701492514461279,1.2582397175719962e-05,0.5836575875486382,0,0.0,4.166666666666667
archive\Data\Video_Dataset\Video_Dataset\Video_Speech_Actor_24\Actor_24\01-01-02-02-01-02-24.mp4,4.07075,233.37769370053638,941.446998924569,0.0018785768188536167,4.786260433320422e-06,0.5882352941176471,0,0.0,2.916666666666667
