video,n_frames_sampled,n_frames_with_face,detection_rate,eye_openness_mean,eye_openness_var,mouth_openness_mean,mouth_openness_var,head_yaw_mean,head_yaw_var,head_pitch_mean,head_pitch_var,head_roll_mean,head_roll_var
archive\Data\Video_Dataset\Video_Dataset\Video_Speech_Actor_01\Actor_01\01-01-01-01-01-01-01.mp4,49,49,1.0,0.21216590552463185,0.0023987034616040803,0.048919246116704576,0.004245609499667641,55.254737993531556,0.29226968036378786,3.2741215951411813,0.0003833146377957286,178.71141024308739,0.0014129653439578505
archive\Data\Video_Dataset\Video_Dataset\Video_Speech_Actor_01\Actor_01\01-01-01-01-01-02-01.mp4,50,50,1.0,0.19447155683377407,0.0015511271533611315,0.0467879908931013,0.004002687466197459,28.071145169229606,0.5399128923929015,4.762224979681637,0.0008617945229636437,-178.15384295587734,0.0008328897756317843
archive\Data\Video_Dataset\Video_Dataset\Video_Speech_Actor_01\Actor_01\01-01-01-01-02-01-01.mp4,49,49,1.0,0.204348487574478,0.002734128462087508,0.04202486931767547,0.003264719063150738,66.56027134587445,9.751583561690147e-05,-0.18317699313287816,0.0005183929996972481,170.88999084984596,0.0007114017107294757
archive\Data\Video_Dataset\Video_Dataset\Video_Speech_Actor_01\Actor_01\01-01-01-01-02-02-01.mp4,47,47,1.0,0.2001008439298294,0.002221256680248825,0.06781151210403015,0.0034632876149611087,66.62243870668173,7.117081376817325e-05,1.7686063770270597,0.0004614206918723829,172.24387699688555,0.00017474936538619534
archive\Data\Video_Dataset\Video_Dataset\Video_Speech_Actor_01\Actor_01\01-01-02-01-01-01-01.mp4,53,53,1.0,0.18723021218720495,0.0013838733587981733,0.04835984338825539,0.004242780524821453,64.58006117722306,0.09390982762400735,0.8628960286626826,0.00018119666486471342,171.05212883547776,0.0005579387467119501
archive\Data\Video_Dataset\Video_Dataset\Video_Speech_Actor_01\Actor_01\01-01-02-01-01-02-01.mp4,54,54,1.0,0.20274825376990535,0.0022465254203315127,0.05051349212419401,0.0033832747806282356,66.84769492897334,8.924684899225266e-05,1.3259006766734893,0.00011466548010430344,174.77355566908162,9.902386842086663e-05
archive\Data\Video_Dataset\Video_Dataset\Video_Speech_Actor_01\Actor_01\01-01-02-01-02-01-01.mp4,52,52,1.0,0.19681570457423836,0.0016528169410231345,0.051156724216641386,0.00367600077270344,67.78208296865901,8.672805471021672e-05,2.4438840758982217,0.00019271493626971115,172.06582319599053,0.0001093828449332257
archive\Data\Video_Dataset\Video_Dataset\Video_Speech_Actor_01\Actor_01\01-01-02-01-02-02-01.mp4,52,52,1.0,0.19433374558892721,0.0010113411840763217,0.046584895537135886,0.0036185252804075614,68.47048110179571,0.00023054311006198702,0.5074308614982711,0.00044245700595990645,167.14519746085733,0.0016852145210193292
archive\Data\Video_Dataset\Video_Dataset\Video_Speech_Actor_01\Actor_01\01-01-02-02-01-01-01.mp4,55,55,1.0,0.17203816113585238,0.00143946417992239,0.05286893291047055,0.003270221062892658,66.1819273066637,0.00012335137525576467,-0.43029520052292425,0.0002501911933669998,177.28517999962992,0.00022091135645974092
archive\Data\Video_Dataset\Video_Dataset\Video_Speech_Actor_01\Actor_01\01-01-02-02-01-02-01.mp4,60,60,1.0,0.18868060187082428,0.0008002888604069963,0.08252076730054408,0.0030915163373472308,60.036887726773664,0.21993325086815496,2.7321656738303863,0.0005714276819891451,176.13629862197934,0.0024445615134082166
archive\Data\Video_Dataset\Video_Dataset\Video_Speech_Actor_02\Actor_02\01-01-01-01-01-01-02.mp4,55,55,1.0,0.29229402955972494,0.0006026383228357522,0.12472933006580826,0.016876111032798444,35.67057763509025,0.4280096187763126,9.155154120723228,0.0005304148556855015,179.4683801730182,0.0008705758585133561
archive\Data\Video_Dataset\Video_Dataset\Video_Speech_Actor_02\Actor_02\01-01-01-01-01-02-02.mp4,54,54,1.0,0.27505803151980185,0.0021607602968476756,0.09911502930690126,0.01215801248859476,60.920585262396905,0.029286025339330446,9.298908739756156,0.0012334235012380068,-179.00659460908992,0.00029225933611010113
archive\Data\Video_Dataset\Video_Dataset\Video_Speech_Actor_02\Actor_02\01-01-01-01-02-01-02.mp4,57,57,1.0,0.293913098556899,0.0010503239722738792,0.12056477433568796,0.015908278318336574,61.791980067254826,0.0001504517711937714,9.303453935767731,0.00019239330910891805,-179.34631422982483,0.00011475561954044089
archive\Data\Video_Dataset\Video_Dataset\Video_Speech_Actor_02\Actor_02\01-01-01-01-02-02-02.mp4,54,54,1.0,0.295984875205343,0.0019657193296331505,0.11621799091514023,0.015667748766188046,-4.912480286642072,0.5249452333648821,7.601992536974439,0.0010220297730632044,179.73440477051923,0.0006248321191665296
archive\Data\Video_Dataset\Video_Dataset\Video_Speech_Actor_02\Actor_02\01-01-02-01-01-01-02.mp4,58,58,1.0,0.24629080487019284,0.002114815227766594,0.130649692482743,0.01328334145092276,19.318935610368932,0.5137554908256873,8.99239718420844,0.0006375393390235518,179.5758099676217,0.0009957117024883555
archive\Data\Video_Dataset\Video_Dataset\Video_Speech_Actor_02\Actor_02\01-01-02-01-01-02-02.mp4,60,60,1.0,0.2385820661676101,0.0031019973771555633,0.14543988729638185,0.01523094098679851,63.42550253119644,0.0003823728514461555,9.931771728636418,0.0003233421710693296,-179.3759425454836,0.00010445537435743724
archive\Data\Video_Dataset\Video_Dataset\Video_Speech_Actor_02\Actor_02\01-01-02-01-02-01-02.mp4,58,58,1.0,0.2347384866189665,0.0025899345488864015,0.12175082870995875,0.010939161152294472,-32.810055978121746,0.4734659897231206,8.822306695304448,0.0011989549334423533,177.71895190034644,0.0016578434114244978
archive\Data\Video_Dataset\Video_Dataset\Video_Speech_Actor_02\Actor_02\01-01-02-01-02-02-02.mp4,60,60,1.0,0.263713110934025,0.00011134059570112597,0.12610480456708212,0.011816609365974392,-42.81751483738846,0.41546746112261,9.259969939913777,0.0007024342608983325,178.03337218626103,0.0015173338567384675
archive\Data\Video_Dataset\Video_Dataset\Video_Speech_Actor_02\Actor_02\01-01-02-02-01-01-02.mp4,62,62,1.0,0.2558125307179682,0.0008156206510385771,0.1457070201493389,0.018177416132321836,-58.406753301335044,0.17533835577808765,7.6080445681305235,0.0011131411630154187,177.7516967998377,0.0008068988321894288
archive\Data\Video_Dataset\Video_Dataset\Video_Speech_Actor_02\Actor_02\01-01-02-02-01-02-02.mp4,61,61,1.0,0.2556058647465987,0.0009698163178957469,0.16836603621142848,0.020286168223804475,-29.58954035644908,0.48013848777145485,7.281183172399132,0.0015205204316772747,179.76203904820858,0.000682657386499419
archive\Data\Video_Dataset\Video_Dataset\Video_Speech_Actor_03\Actor_03\01-01-01-01-01-01-03.mp4,52,52,1.0,0.28260500252969806,0.00036400202941364946,0.11080800472094474,0.014953125445087286,-64.90418275221477,3.4842282510605393e-05,7.674054796108489,8.071403455967019e-05,-179.52520686452033,4.038270669537436e-05
archive\Data\Video_Dataset\Video_Dataset\Video_Speech_Actor_03\Actor_03\01-01-01-01-01-02-03.mp4,53,53,1.0,0.2890941431349803,5.0991256999746625e-05,0.10678927630956682,0.016271710980778644,-64.71900863702122,4.594093289700396e-05,7.627762964862864,0.0001140054484163322,-179.35992817877226,0.00014056200609635638
archive\Data\Video_Dataset\Video_Dataset\Video_Speech_Actor_03\Actor_03\01-01-01-01-02-01-03.mp4,53,53,1.0,0.2554183099642527,0.00012975487280585273,0.1077395902719812,0.01247713066043795,-64.95409893531695,4.147251499453386e-05,8.406270494271007,6.775103928302606e-05,178.41026080878194,8.51092708469281e-05
archive\Data\Video_Dataset\Video_Dataset\Video_Speech_Actor_03\Actor_03\01-01-01-01-02-02-03.mp4,52,52,1.0,0.25842602257640795,0.00011930242116267752,0.0987868547534083,0.01159531847168813,-64.81691523647622,6.258147250925994e-05,8.646674583674148,6.327129201522119e-05,179.45167369115913,0.00011289738887287903
archive\Data\Video_Dataset\Video_Dataset\Video_Speech_Actor_03\Actor_03\01-01-02-01-01-01-03.mp4,58,58,1.0,0.22383108335525154,0.00010324767735612988,0.10720646570485758,0.010064965159959317,-65.28363042558198,2.2216893727611264e-05,8.383917762350068,9.475222311627896e-05,177.95356036145216,4.044111813994444e-05
archive\Data\Video_Dataset\Video_Dataset\Video_Speech_Actor_03\Actor_03\01-01-02-01-01-02-03.mp4,56,56,1.0,0.23292058896844609,4.17903763689453e-05,0.09911065749505603,0.008896409790452973,-64.35406819466563,0.02935419328662814,8.06104727007081,0.0001334592424143688,177.58733927629297,8.174346404377086e-05
archive\Data\Video_Dataset\Video_Dataset\Video_Speech_Actor_03\Actor_03\01-01-02-01-02-01-03.mp4,58,58,1.0,0.12917237728444253,0.0010376014763211557,0.14183152917520972,0.00904412374355767,-56.215301212811816,0.2788794383500176,4.296980440207203,0.0008898173533529175,-177.2025821729455,8.743794309862274e-05
archive\Data\Video_Dataset\Video_Dataset\Video_Speech_Actor_03\Actor_03\01-01-02-01-02-02-03.mp4,60,60,1.0,0.18511530844567275,0.0005914263623502042,0.18023852780967134,0.014338964754584876,-66.70563748057707,0.0001819180822990596,5.338055541058176,0.00018124249196838083,-176.91400720864434,0.00015806188349565264
archive\Data\Video_Dataset\Video_Dataset\Video_Speech_Actor_03\Actor_03\01-01-02-02-01-01-03.mp4,61,61,1.0,0.14870776732778632,0.00027372899615872093,0.18136030480475432,0.0069868992232957235,-66.55990480683226,6.084869387168457e-05,5.524093641796583,7.58937334983667e-05,179.64333253991597,0.0008664517273038186
archive\Data\Video_Dataset\Video_Dataset\Video_Speech_Actor_03\Actor_03\01-01-02-02-01-02-03.mp4,60,60,1.0,0.19778468033661104,0.0007995131487356617,0.16902472587001274,0.0064753260717565425,-67.42830515493556,5.190240427466186e-05,7.734880921976677,0.00039171836820184325,-178.19066893396456,0.000785877494674514
archive\Data\Video_Dataset\Video_Dataset\Video_Speech_Actor_04\Actor_04\01-01-01-01-01-01-04.mp4,50,50,1.0,0.2752369815202018,0.004207603398403033,0.0767011741453177,0.015112454873397978,64.59559190286222,4.90480043777719e-05,3.890918752808316,0.00028596990600227024,-177.2809550992889,0.00015263301544499175
archive\Data\Video_Dataset\Video_Dataset\Video_Speech_Actor_04\Actor_04\01-01-01-01-01-02-04.mp4,51,51,1.0,0.2896016187012511,0.0019011672237361857,0.09823608331035773,0.016151268700667413,65.26559730477666,9.715364604401255e-05,3.0989923926815264,0.0002245449317157533,174.50218095222314,0.0014177580094196784
archive\Data\Video_Dataset\Video_Dataset\Video_Speech_Actor_04\Actor_04\01-01-01-01-02-01-04.mp4,49,49,1.0,0.3033032703058776,0.0025890616947554005,0.06063546873693097,0.009227464463477967,63.84413847832507,1.7498931284554153e-05,4.316342831872242,6.227566688954411e-05,176.53619490617425,0.0005059677340593094
archive\Data\Video_Dataset\Video_Dataset\Video_Speech_Actor_04\Actor_04\01-01-01-01-02-02-04.mp4,49,49,1.0,0.29833584665899904,0.0036089108442141117,0.07983912138783578,0.008591207542437184,40.356435041993,0.38879469030465197,2.802814096703139,0.0003518997267868418,-176.74594935249382,0.0009221662975896772
archive\Data\Video_Dataset\Video_Dataset\Video_Speech_Actor_04\Actor_04\01-01-02-01-01-01-04.mp4,57,57,1.0,0.2244829993170244,0.0032453284618900492,0.18968126082565848,0.013773409979376082,63.5132207784819,0.09858555651526268,4.869468215340009,0.001885352764763093,176.7123899645203,0.04600540812903997
archive\Data\Video_Dataset\Video_Dataset\Video_Speech_Actor_04\Actor_04\01-01-02-01-01-02-04.mp4,56,56,1.0,0.21552512250285025,0.0035403695102001896,0.20320191141386104,0.007839484781773737,34.189309773916115,0.515972542298619,2.3949532612623883,0.0004825850719294422,175.195404350978,0.006554499195991603
archive\Data\Video_Dataset\Video_Dataset\Video_Speech_Actor_04\Actor_04\01-01-02-01-02-01-04.mp4,55,55,1.0,0.2544640144885958,0.0033981559727132796,0.15326943538252868,0.00921631931103992,46.31562666170801,0.390145766325825,1.7800309499403042,0.0004204012024550119,174.25780573555912,0.003386453981656601
archive\Data\Video_Dataset\Video_Dataset\Video_Speech_Actor_04\Actor_04\01-01-02-01-02-02-04.mp4,54,54,1.0,0.31766965484445536,0.00826021883056897,0.14935295320493897,0.011637366773711156,43.54206388718755,0.4475167228118132,2.8598074767439345,0.0009795656544397957,177.38068732937586,0.007725246565665533
archive\Data\Video_Dataset\Video_Dataset\Video_Speech_Actor_04\Actor_04\01-01-02-02-01-01-04.mp4,60,60,1.0,0.2573421544965365,0.0015037438189243193,0.16977663909279708,0.008665356701234424,0.4729243783443252,0.5887080382612515,-0.922290108926353,0.0007293386153519599,174.5028550965885,0.014589232676209929
archive\Data\Video_Dataset\Video_Dataset\Video_Speech_Actor_04\Actor_04\01-01-02-02-01-02-04.mp4,57,57,1.0,0.2379052673407427,0.005461152001052112,0.20445381684844122,0.005687707586938281,36.70785546944312,0.5250717118588317,1.6783143246590324,0.001661646201992606,170.85761055811446,0.01369905069023114
archive\Data\Video_Dataset\Video_Dataset\Video_Speech_Actor_05\Actor_05\01-01-01-01-01-01-05.mp4,54,54,1.0,0.28435138911376756,3.338714710397435e-05,0.07957175744287649,0.00821040634807102,-64.32423207874521,3.5616793835901994e-05,2.073425524141892,6.585630640409956e-05,-176.8320050719089,1.036209993987569e-05
archive\Data\Video_Dataset\Video_Dataset\Video_Speech_Actor_05\Actor_05\01-01-01-01-01-02-05.mp4,55,55,1.0,0.28695034349240944,4.745128092423705e-05,0.08567206798413074,0.009479788312462116,-64.37797880822247,3.658620542457136e-05,1.4106318674690257,4.729788039159466e-05,-176.65208448486587,1.1969035410008821e-05
archive\Data\Video_Dataset\Video_Dataset\Video_Speech_Actor_05\Actor_05\01-01-01-01-02-01-05.mp4,47,47,1.0,0.2881659166177549,4.301620366542322e-05,0.07496121658232915,0.0063469120340563815,-64.18951751277201,1.6288474546155562e-05,2.949916617217326,3.7336070912386e-05,-176.71785081053767,2.603492402986074e-05
archive\Data\Video_Dataset\Video_Dataset\Video_Speech_Actor_05\Actor_05\01-01-01-01-02-02-05.mp4,54,54,1.0,0.2947461680757862,2.2784389445913426e-05,0.08410959067062367,0.007043487075468458,-64.16499618900815,2.706501994920174e-05,1.8441651040014775,4.921887271236436e-05,-176.70840691685902,3.5428519700952954e-05
archive\Data\Video_Dataset\Video_Dataset\Video_Speech_Actor_05\Actor_05\01-01-02-01-01-01-05.mp4,61,61,1.0,0.20268144685857759,0.0012779526174172997,0.13278971525444838,0.011428108112999952,-62.23980985954719,0.10663149463080979,-2.0753685990220982,0.0011675493302737427,-169.22786575865098,0.0010274412619609707
archive\Data\Video_Dataset\Video_Dataset\Video_Speech_Actor_05\Actor_05\01-01-02-01-01-02-05.mp4,62,62,1.0,0.19472560902641584,0.002125883208082367,0.19670650158895278,0.002855050379059341,-68.33943296561915,0.00012722797124742335,-4.704465380212608,0.0005746445026565405,-159.89296760348546,0.0007947635620548787
archive\Data\Video_Dataset\Video_Dataset\Video_Speech_Actor_05\Actor_05\01-01-02-01-02-01-05.mp4,62,62,1.0,0.20389537700336324,0.0015137567055571338,0.1200096525832138,0.010536116212749481,-65.73526395798366,0.00019960552994480185,-3.036327426987695,0.000290557489098231,-162.90182671329657,0.00012843825611297266
archive\Data\Video_Dataset\Video_Dataset\Video_Speech_Actor_05\Actor_05\01-01-02-01-02-02-05.mp4,64,64,1.0,0.1835166073791325,0.0022117873391581232,0.15704075446363328,0.0071570467305423074,-60.125029083428956,0.17736848222973622,-1.068117152912824,0.0012581499585325728,-165.48222685312993,0.000604046530393032
archive\Data\Video_Dataset\Video_Dataset\Video_Speech_Actor_05\Actor_05\01-01-02-02-01-01-05.mp4,71,71,1.0,0.1867810075053428,0.0010702654139931708,0.23285566289468507,0.005280896204903312,-67.36679187801961,0.0002607881194952588,-2.8241954247940004,0.00030510570925079694,-158.6939275885284,0.0004288169092859784
archive\Data\Video_Dataset\Video_Dataset\Video_Speech_Actor_05\Actor_05\01-01-02-02-01-02-05.mp4,68,68,1.0,0.190234377850812,0.002858395308570127,0.2056749684771566,0.003083369684131184,-65.74085967233508,0.008755253917217432,-3.0831572970392465,0.0010936488670556521,-157.8894676500874,0.029246671031109228
archive\Data\Video_Dataset\Video_Dataset\Video_Speech_Actor_06\Actor_06\01-01-01-01-01-01-06.mp4,50,50,1.0,0.2910446724522829,0.0002915440786693399,0.1930678586153681,0.02294343791382682,65.10614954131954,7.313463241820362e-05,5.556700257640197,0.0001084490529849047,178.4071543122433,8.549427313153668e-05
archive\Data\Video_Dataset\Video_Dataset\Video_Speech_Actor_06\Actor_06\01-01-01-01-01-02-06.mp4,54,54,1.0,0.3034898940433539,5.73447881600777e-05,0.2134531340356159,0.026398721566563314,65.21266477157968,7.216827634481948e-05,6.010101052762435,0.0001884414155227665,178.00037212656227,8.776586489933624e-05
archive\Data\Video_Dataset\Video_Dataset\Video_Speech_Actor_06\Actor_06\01-01-01-01-02-01-06.mp4,51,51,1.0,0.29759546311049284,0.00010075986570956218,0.19626309246915347,0.02603249646224665,60.82120485306401,0.12683883036387344,7.945113762051573,0.0007837202620647465,179.74181236981548,0.000362681278534116
archive\Data\Video_Dataset\Video_Dataset\Video_Speech_Actor_06\Actor_06\01-01-01-01-02-02-06.mp4,51,51,1.0,0.30428531726219915,4.456381215140441e-05,0.21088360389067384,0.028570100272244037,64.95537962694648,0.00010469686344483087,7.250234077996309,0.00023298812532634994,177.9478974280559,8.436538570155694e-05
archive\Data\Video_Dataset\Video_Dataset\Video_Speech_Actor_06\Actor_06\01-01-02-01-01-01-06.mp4,60,60,1.0,0.2634580512401425,0.0003577143512212714,0.2099805700334871,0.019110261954074066,44.02294746641929,0.4027443668945013,3.911556686142447,0.000931904127709382,178.44102910514195,0.0006743971012758143
archive\Data\Video_Dataset\Video_Dataset\Video_Speech_Actor_06\Actor_06\01-01-02-01-01-02-06.mp4,61,61,1.0,0.26295448687787676,0.0006184463972961353,0.21672715831202807,0.01746437067243672,12.546534652475478,0.5666023591877631,2.948781420533883,0.0007648287637160855,178.23130164260306,0.0013729984102685
archive\Data\Video_Dataset\Video_Dataset\Video_Speech_Actor_06\Actor_06\01-01-02-01-02-01-06.mp4,59,59,1.0,0.26086173107338395,0.00035910150822971007,0.21076516951481894,0.020738978468651224,24.514837572259907,0.5349996260694458,4.63564787901421,0.0011978113905627419,-178.54119383013727,0.0005613058971299933
archive\Data\Video_Dataset\Video_Dataset\Video_Speech_Actor_06\Actor_06\01-01-02-01-02-02-06.mp4,63,63,1.0,0.2817939034180622,0.0004954434090276652,0.21576409853091197,0.019741011309037874,20.9583616952415,0.5585805960096528,10.64587836260544,0.0007573822955228016,-173.99648062969115,0.00201179657478745
archive\Data\Video_Dataset\Video_Dataset\Video_Speech_Actor_06\Actor_06\01-01-02-02-01-01-06.mp4,67,67,1.0,0.2635887763905789,0.0005017533453648,0.2505489933957523,0.017155463718801132,-32.075309525536255,0.5097543656480186,3.7734734660202887,0.0005932828768770992,-176.88290410644206,0.00028214915205548863
archive\Data\Video_Dataset\Video_Dataset\Video_Speech_Actor_06\Actor_06\01-01-02-02-01-02-06.mp4,69,69,1.0,0.28137090202526555,0.00038781702265462963,0.23814742985966122,0.022176499825184732,49.69973353014514,0.33384558053137126,5.959061242328164,0.0004165475868053159,174.93255226436784,0.0011265593499464321
archive\Data\Video_Dataset\Video_Dataset\Video_Speech_Actor_07\Actor_07\01-01-01-01-01-01-07.mp4,59,59,1.0,0.27087293624009673,0.002236646129550614,0.09917640055197345,0.011843237341782994,23.129370222049218,0.5647443504467741,7.190437458673187,0.0010859423760412046,-179.52682153191972,4.4509956435012654e-05
archive\Data\Video_Dataset\Video_Dataset\Video_Speech_Actor_07\Actor_07\01-01-01-01-01-02-07.mp4,57,57,1.0,0.2646490038932576,0.0021313565435369416,0.09103960823827731,0.011335980887579615,-8.01899269263622,0.57553107888208,5.453372751068124,0.0008436257300279415,-179.49265725478713,0.00017559284205237446
archive\Data\Video_Dataset\Video_Dataset\Video_Speech_Actor_07\Actor_07\01-01-01-01-02-01-07.mp4,57,57,1.0,0.24999340031682515,0.0028826539433420262,0.10797485267139502,0.007512754316691789,-65.7034507168989,0.028860002419768604,5.375783505443369,6.070630488419493e-05,178.863481175515,3.9773586511415715e-05
archive\Data\Video_Dataset\Video_Dataset\Video_Speech_Actor_07\Actor_07\01-01-01-01-02-02-07.mp4,56,56,1.0,0.2799821562155925,3.2054623949206425e-05,0.09889942631343136,0.008780601879844164,35.20846090508075,0.49349930336105297,5.5673770473314095,0.002240757618617084,-179.54746402683097,0.0013114407354053448
archive\Data\Video_Dataset\Video_Dataset\Video_Speech_Actor_07\Actor_07\01-01-02-01-01-01-07.mp4,52,52,1.0,0.22446157228870764,0.0029493671463348696,0.10552886639996716,0.01193103206914082,-56.95969119908838,0.28162507089433664,4.840326444645244,0.0009773974912841155,178.31031521773454,0.00016291254370393027
archive\Data\Video_Dataset\Video_Dataset\Video_Speech_Actor_07\Actor_07\01-01-02-01-01-02-07.mp4,56,56,1.0,0.21555996154505117,0.0017519690418283727,0.1088962908726145,0.012719729929644385,48.90230253797909,0.4314639297416897,6.749900453819119,0.002432617544241844,-178.7426640830957,0.001087319366084749
archive\Data\Video_Dataset\Video_Dataset\Video_Speech_Actor_07\Actor_07\01-01-02-01-02-01-07.mp4,53,53,1.0,0.21341842759965055,0.002619170053720296,0.09655520080658106,0.011793545397045647,-61.488708135346585,0.1857346063238715,2.2377727407944024,0.0001938072544170888,-173.76235945387643,0.00048054559469301594
archive\Data\Video_Dataset\Video_Dataset\Video_Speech_Actor_07\Actor_07\01-01-02-01-02-02-07.mp4,53,53,1.0,0.23782836914913638,8.938677569003879e-05,0.08554480358361247,0.009389665282425077,48.44192324526324,0.4106404679410727,7.360772836046937,0.003521116301941518,178.61005951832541,0.000907741277737073
archive\Data\Video_Dataset\Video_Dataset\Video_Speech_Actor_07\Actor_07\01-01-02-02-01-01-07.mp4,60,60,1.0,0.18556687179467637,0.0030832850125012785,0.14394267268873484,0.010473251502956608,-66.20298978019669,0.056405592304012764,1.4115605523404913,0.0007018437521869592,-172.76469725150457,0.0006713033395017165
archive\Data\Video_Dataset\Video_Dataset\Video_Speech_Actor_07\Actor_07\01-01-02-02-01-02-07.mp4,58,58,1.0,0.21206050510893545,4.723928214557417e-05,0.10114178642840693,0.009515612846460922,40.18022704229136,0.5002246769972083,3.908957145015404,0.0014066180894694025,169.25192699476904,0.001505636093746876
archive\Data\Video_Dataset\Video_Dataset\Video_Speech_Actor_08\Actor_08\01-01-01-01-01-01-08.mp4,53,53,1.0,0.30614753317249155,0.004261017917371348,0.1030599774843407,0.016112211090097514,-44.59420451520917,0.3512036701870681,5.175888774304292,0.0003936703805293984,-179.79883779458012,0.00035430133675329323
archive\Data\Video_Dataset\Video_Dataset\Video_Speech_Actor_08\Actor_08\01-01-01-01-01-02-08.mp4,55,55,1.0,0.3291268515455868,0.0018828472408065186,0.09776247244381688,0.016699198290041583,9.782446690518098,0.5356003026581702,5.839121962273307,0.00019513362264111933,179.11487185606234,8.822083515203083e-05
archive\Data\Video_Dataset\Video_Dataset\Video_Speech_Actor_08\Actor_08\01-01-01-01-02-01-08.mp4,53,53,1.0,0.31421682124653466,0.0031667127493104877,0.07496231761678296,0.012018982189371277,37.28776295346392,0.4194020655309536,4.458422705760696,0.00032753559715659186,178.15977576992157,0.0001143564306326228
archive\Data\Video_Dataset\Video_Dataset\Video_Speech_Actor_08\Actor_08\01-01-01-01-02-02-08.mp4,53,53,1.0,0.30101647988812896,0.005475967036698448,0.09712093392107876,0.0152015776832429,-63.0042172889607,0.0001301692083519601,5.932237443859948,0.00020640548052430763,179.2250946167324,5.5416564840315985e-05
archive\Data\Video_Dataset\Video_Dataset\Video_Speech_Actor_08\Actor_08\01-01-02-01-01-01-08.mp4,54,54,1.0,0.1938229058417819,0.009667514193705646,0.09854462993809057,0.00893559573676256,59.99070391625815,0.14672114141764436,10.07246386929716,0.0014534402845528538,-178.34006510409148,0.0016035993695475703
archive\Data\Video_Dataset\Video_Dataset\Video_Speech_Actor_08\Actor_08\01-01-02-01-01-02-08.mp4,51,51,1.0,0.18918724063417555,0.011432825856846962,0.07529210481734136,0.009583888945996705,62.98251136481614,0.0003330921094948369,9.673431406766221,0.0012083301495438015,-175.25690260715814,0.0009783263488146732
archive\Data\Video_Dataset\Video_Dataset\Video_Speech_Actor_08\Actor_08\01-01-02-01-02-01-08.mp4,52,52,1.0,0.20056570176111188,0.007202225805013336,0.07393441482693965,0.008759300102007532,55.27466033311949,0.21101893353361412,9.07981896595664,0.00302730211265434,-174.27603459513563,0.0021220994666099058
archive\Data\Video_Dataset\Video_Dataset\Video_Speech_Actor_08\Actor_08\01-01-02-01-02-02-08.mp4,52,52,1.0,0.2152105126802175,0.004819573985786106,0.07314694017047002,0.00951302123744209,-55.176326315173114,0.2371433266078815,5.127624076282997,0.004240278010689047,-176.97561923618497,0.004376530685966218
archive\Data\Video_Dataset\Video_Dataset\Video_Speech_Actor_08\Actor_08\01-01-02-02-01-01-08.mp4,55,55,1.0,0.16079065735883216,0.010791242279848444,0.07672562132664527,0.00764580861344522,-7.6898810570200276,0.5280655981415285,5.878517925923267,0.0028441713944580282,-176.90820399622854,0.001576126055524485
archive\Data\Video_Dataset\Video_Dataset\Video_Speech_Actor_08\Actor_08\01-01-02-02-01-02-08.mp4,56,56,1.0,0.18710639067414866,0.011879295645580755,0.08750786338453932,0.01040447164129388,-64.9202341198518,0.00042252185589741753,5.115272203584698,0.0009063942332998565,-172.64324647743956,0.0024146114077754355
archive\Data\Video_Dataset\Video_Dataset\Video_Speech_Actor_09\Actor_09\01-01-01-01-01-01-09.mp4,49,49,1.0,0.24678989311341606,0.0011723025836040057,0.056590343763472356,0.00902594820537614,-59.12950011823625,0.10726960255537155,0.296395695839224,5.787555815284229e-05,-173.88463211357976,0.04124973867445281
archive\Data\Video_Dataset\Video_Dataset\Video_Speech_Actor_09\Actor_09\01-01-01-01-01-02-09.mp4,48,48,1.0,0.2596018629257652,0.00021705245712534018,0.0559617071059405,0.007835426551435728,63.641580300039266,2.0005219940166796e-05,1.9407959580822747,4.292933321492498e-05,178.63793830994592,1.3370016437641574e-05
archive\Data\Video_Dataset\Video_Dataset\Video_Speech_Actor_09\Actor_09\01-01-01-01-02-01-09.mp4,50,50,1.0,0.26851652479792015,0.00016739305944308872,0.05064353380829785,0.00749487608128792,49.49030903576882,0.2999449473712482,1.5786858054540003,0.0011423654162473484,-179.584139796533,0.0019856673831394334
archive\Data\Video_Dataset\Video_Dataset\Video_Speech_Actor_09\Actor_09\01-01-01-01-02-02-09.mp4,48,48,1.0,0.25002231237813116,0.0013311965994623584,0.0557973620345604,0.009211093502736327,-3.758202323634985,0.5277589720348064,1.125104110134078,0.0005484824988748471,-175.73593194566027,0.04326759979237871
archive\Data\Video_Dataset\Video_Dataset\Video_Speech_Actor_09\Actor_09\01-01-02-01-01-01-09.mp4,50,50,1.0,0.10974285941606703,0.004527391004799428,0.07263405996912686,0.010464743116375167,-12.759220209459391,0.23326071348197808,3.8059005343362644,0.005910384285537473,-17.695173082491625,0.8636100702773253
archive\Data\Video_Dataset\Video_Dataset\Video_Speech_Actor_09\Actor_09\01-01-02-01-01-02-09.mp4,50,50,1.0,0.18995987283509444,5.1421458002817144e-05,0.06957247790242488,0.008718013361438784,-33.915374693247294,0.2530716069656148,3.4270867275861163,0.002008327990347003,-161.92637513228607,0.6760790474477187
archive\Data\Video_Dataset\Video_Dataset\Video_Speech_Actor_09\Actor_09\01-01-02-01-02-01-09.mp4,52,52,1.0,0.12685009282498683,0.0038574721359891594,0.12873753713525135,0.008877707687782815,0.9098921055596494,0.003573072872311789,6.627480282756189,0.010039373206957691,6.274628174237294,0.0013698632047168813
archive\Data\Video_Dataset\Video_Dataset\Video_Speech_Actor_09\Actor_09\01-01-02-01-02-02-09.mp4,53,53,1.0,0.1670786236432073,0.00101220459626764,0.07179104114577443,0.009148240326566883,-23.83785224669741,0.17803162567260367,5.324545716952078,0.0033539601341259218,-20.384107382440504,0.8451957772954004
archive\Data\Video_Dataset\Video_Dataset\Video_Speech_Actor_09\Actor_09\01-01-02-02-01-01-09.mp4,50,50,1.0,0.12109164772154632,0.004869041861187701,0.05409515951366441,0.00723919231255993,17.608017015484418,0.46250245407125967,0.6564103471208974,0.004177648633424957,171.37346454177728,0.3671434671558843
archive\Data\Video_Dataset\Video_Dataset\Video_Speech_Actor_09\Actor_09\01-01-02-02-01-02-09.mp4,51,51,1.0,0.039569079699326645,0.0016774583410209883,0.06835990342229695,0.00801392018948844,16.451607155561714,0.1055839683469556,9.627175080123829,0.0068881346586940895,-3.914910155901335,0.4253699209539701
archive\Data\Video_Dataset\Video_Dataset\Video_Speech_Actor_10\Actor_10\01-01-01-01-01-01-10.mp4,53,53,1.0,0.33039279798731414,0.0035160733697094083,0.10952317410316462,0.01191395030611454,-38.05261306257248,0.42054338380627465,6.172356030620758,0.00023825977920366448,179.6218992034605,0.0007405361975056923
archive\Data\Video_Dataset\Video_Dataset\Video_Speech_Actor_10\Actor_10\01-01-01-01-01-02-10.mp4,58,58,1.0,0.30381858177305826,0.0021638312087117607,0.11422206831328073,0.016208415011470273,-17.28203640316239,0.4776002453453321,4.9338045181342,0.0008864663789781568,176.89172002751775,0.13833748403272683
archive\Data\Video_Dataset\Video_Dataset\Video_Speech_Actor_10\Actor_10\01-01-01-01-02-01-10.mp4,56,56,1.0,0.32534953821467383,0.0032641895917989937,0.15354095954982958,0.012924738342880885,-16.196212693412683,0.5257922547312532,6.358002011607127,0.0006267177292604842,175.53807669794543,0.000739525182718026
archive\Data\Video_Dataset\Video_Dataset\Video_Speech_Actor_10\Actor_10\01-01-01-01-02-02-10.mp4,55,55,1.0,0.3208625178455354,0.0031670580015863655,0.09416251275706217,0.010711541328763452,-14.89388496938847,0.5256821596390386,6.882436413068348,0.00024391422122005402,177.0811667809797,0.000651000985140926
archive\Data\Video_Dataset\Video_Dataset\Video_Speech_Actor_10\Actor_10\01-01-02-01-01-01-10.mp4,54,54,1.0,0.264365453584054,0.0015654918977747608,0.09683815590518756,0.0104139833634467,58.692594382545124,0.10165849824215412,4.52324764165315,0.000229055753825258,169.7452593759457,0.07418521490888719
archive\Data\Video_Dataset\Video_Dataset\Video_Speech_Actor_10\Actor_10\01-01-02-01-01-02-10.mp4,54,54,1.0,0.32163931921654126,0.0007088076877925835,0.079624425203129,0.00882633401266998,-9.01713230069487,0.5517722073963638,12.114121763595898,0.0021561676946779684,173.5451993745424,0.006835253265649932
archive\Data\Video_Dataset\Video_Dataset\Video_Speech_Actor_10\Actor_10\01-01-02-01-02-01-10.mp4,55,55,1.0,0.2878013093823825,0.0024814111533071784,0.09060620950045382,0.01100799670314574,56.23385882150538,0.1989617979940248,6.6860379402864245,0.0011320151950769963,172.3938081003406,0.0012679938596692475
archive\Data\Video_Dataset\Video_Dataset\Video_Speech_Actor_10\Actor_10\01-01-02-01-02-02-10.mp4,56,56,1.0,0.29788859407942514,0.0033949106231165446,0.09013803719468864,0.010513019874694293,-62.55615319528479,0.08479768138965815,7.7544736915063766,0.0005644067660820484,-173.05741727450123,0.0010380290041569484
archive\Data\Video_Dataset\Video_Dataset\Video_Speech_Actor_10\Actor_10\01-01-02-02-01-01-10.mp4,56,56,1.0,0.2561506262485966,0.002820503612633732,0.12257354872209061,0.007475716369703197,-16.942129316994635,0.5215468069513258,5.264677753860688,0.0007157783877558277,168.38468221060242,0.03633263348243465
archive\Data\Video_Dataset\Video_Dataset\Video_Speech_Actor_10\Actor_10\01-01-02-02-01-02-10.mp4,56,56,1.0,0.3029123611207088,0.0021826464960272088,0.1319494268656007,0.012644567637616304,-29.21446677274018,0.15874782018761102,1.537573994535422,0.00553546853708986,-14.506981238043634,0.9237798684125991
archive\Data\Video_Dataset\Video_Dataset\Video_Speech_Actor_11\Actor_11\01-01-01-01-01-01-11.mp4,47,47,1.0,0.2826279294144758,0.0005689074799832934,0.06651892290869874,0.008098279828498383,-64.45997891657898,4.886746777144069e-05,3.563214761755309,0.00025062605590031595,-176.78322765776795,8.472636758383167e-05
archive\Data\Video_Dataset\Video_Dataset\Video_Speech_Actor_11\Actor_11\01-01-01-01-01-02-11.mp4,47,47,1.0,0.2921493655301286,0.00012776145891382513,0.06189415209246094,0.008725696508735004,-64.52606413871966,5.589549882711875e-05,3.420869147687755,6.946880382086018e-05,-176.5974805777754,5.497142337407279e-05
archive\Data\Video_Dataset\Video_Dataset\Video_Speech_Actor_11\Actor_11\01-01-01-01-02-01-11.mp4,48,48,1.0,0.2963886079136476,9.198712235980457e-05,0.07744564443142327,0.010786456577562836,-63.425432406570266,7.989938535712948e-05,2.6513017311089757,8.601701973054432e-05,-176.71558525178878,5.1364748119619996e-05
archive\Data\Video_Dataset\Video_Dataset\Video_Speech_Actor_11\Actor_11\01-01-01-01-02-02-11.mp4,48,48,1.0,0.2955521756100606,6.658141946517461e-05,0.08600990433711946,0.010170290414085884,-63.52693872976909,5.240398123307344e-05,2.2643550047208327,0.00019851029582218516,-176.36426452759252,0.0001442554882553626
archive\Data\Video_Dataset\Video_Dataset\Video_Speech_Actor_11\Actor_11\01-01-02-01-01-01-11.mp4,49,49,1.0,0.25775380686113364,0.0013929269259196969,0.08455168932628386,0.009270169531184497,-64.29580996294199,8.505271535452774e-05,2.36121469789379,0.0004799748278296878,-174.52866184568256,0.00023758419720898427
archive\Data\Video_Dataset\Video_Dataset\Video_Speech_Actor_11\Actor_11\01-01-02-01-01-02-11.mp4,50,50,1.0,0.2833220134280569,7.518703644162478e-05,0.08682010637436577,0.009620441528212263,-64.80775286737749,9.455353366294439e-05,2.4732323556827875,0.00013415194236721106,-176.39805334096874,5.8454079336134335e-05
archive\Data\Video_Dataset\Video_Dataset\Video_Speech_Actor_11\Actor_11\01-01-02-01-02-01-11.mp4,50,50,1.0,0.28642474123211487,0.00010125119283364767,0.07911480008378939,0.007307357184484627,-64.19972230062393,8.394063498007309e-05,3.911691978662903,0.0001892676409208649,-177.21791562709296,0.000100564813120263
archive\Data\Video_Dataset\Video_Dataset\Video_Speech_Actor_11\Actor_11\01-01-02-01-02-02-11.mp4,55,55,1.0,0.2528459733432533,0.0010870029941381562,0.10093659276341206,0.012378903907037418,-63.58119469921029,0.01034952041304471,-0.02642483242009077,0.00021018543177964144,-174.8524471704637,0.03640341328372754
archive\Data\Video_Dataset\Video_Dataset\Video_Speech_Actor_11\Actor_11\01-01-02-02-01-01-11.mp4,58,58,1.0,0.28013982249462777,0.00013126963133306037,0.09616101370112806,0.010393850045955248,-64.56441763013666,6.852421343173098e-05,2.522071440705113,0.00022744339032121363,-172.8472863241734,0.00013182161192870634
archive\Data\Video_Dataset\Video_Dataset\Video_Speech_Actor_11\Actor_11\01-01-02-02-01-02-11.mp4,56,56,1.0,0.24918450399756484,0.00012279535489247682,0.08354464348445867,0.009349784738560098,-64.42082156533651,9.118615568337596e-05,2.1215355508995315,0.00023898642918707136,-173.92943264065173,0.00013441356460996978
archive\Data\Video_Dataset\Video_Dataset\Video_Speech_Actor_12\Actor_12\01-01-01-01-01-01-12.mp4,54,54,1.0,0.3197122917074857,0.001457010443431352,0.08904097586898144,0.010372575456866921,61.356888982028494,5.209971127384527e-05,7.65568879686575,0.00046172326089843896,179.3515706100674,0.000123996817297356
archive\Data\Video_Dataset\Video_Dataset\Video_Speech_Actor_12\Actor_12\01-01-01-01-01-02-12.mp4,53,53,1.0,0.31398678326466656,0.0019962498903214024,0.09190199775909094,0.00849903263040341,57.461679466851535,0.11477957486647217,7.718734129387449,0.00015565530359029633,179.79289545178753,0.00011031839770214713
archive\Data\Video_Dataset\Video_Dataset\Video_Speech_Actor_12\Actor_12\01-01-01-01-02-01-12.mp4,54,54,1.0,0.32716285419827335,0.0008208962801418555,0.1167467701137098,0.012166318042140948,61.15572542932956,7.944674640070204e-05,7.646841816226253,0.00010894021580387658,-177.84330298510656,0.00020753271261608752
archive\Data\Video_Dataset\Video_Dataset\Video_Speech_Actor_12\Actor_12\01-01-01-01-02-02-12.mp4,54,54,1.0,0.3191520875346925,0.0006105168887694119,0.0915102893570422,0.011916514558957743,61.12196721767844,5.011803017118677e-05,11.105235140727158,0.00024578673893493885,-177.31229844119866,0.00012892352151050446
archive\Data\Video_Dataset\Video_Dataset\Video_Speech_Actor_12\Actor_12\01-01-02-01-01-01-12.mp4,58,58,1.0,0.29601689905549794,0.002809541191102291,0.10718989381022279,0.010052031882556637,50.60078649607907,0.28255699874017093,9.884744780377915,0.001055871295936428,177.37905123622986,0.002018592500396932
archive\Data\Video_Dataset\Video_Dataset\Video_Speech_Actor_12\Actor_12\01-01-02-01-01-02-12.mp4,56,56,1.0,0.3003129165444064,0.0024926390129148385,0.09627936944750655,0.009204460992241271,62.26169634918438,0.0001523551972886228,9.083197197283678,0.001341515509056035,179.64852144817607,0.001759209146083629
archive\Data\Video_Dataset\Video_Dataset\Video_Speech_Actor_12\Actor_12\01-01-02-01-02-01-12.mp4,56,56,1.0,0.29061742970473275,0.0014947727779865284,0.09231216096784678,0.008014622431886782,47.71443237147451,0.3142098399915412,7.065975458714856,0.0015343643377592198,179.2230448556484,0.0004688080840449249
archive\Data\Video_Dataset\Video_Dataset\Video_Speech_Actor_12\Actor_12\01-01-02-01-02-02-12.mp4,55,55,1.0,0.28136937415573227,0.0002375300184840838,0.09854420811257798,0.008405025046368027,62.9986549927084,0.00012155644742239957,9.014197446658523,0.0018450172535594556,-179.2790631500921,0.0014333752525290677
archive\Data\Video_Dataset\Video_Dataset\Video_Speech_Actor_12\Actor_12\01-01-02-02-01-01-12.mp4,59,59,1.0,0.2836798247027477,0.004596833643808976,0.10974973587924128,0.008896718402770615,57.81143150147642,0.13096163023340113,7.227284898323848,0.0024203329882744873,178.2789954351773,0.0009732458172025948
archive\Data\Video_Dataset\Video_Dataset\Video_Speech_Actor_12\Actor_12\01-01-02-02-01-02-12.mp4,56,56,1.0,0.29343083003267384,0.0033568821456452457,0.10270777732283186,0.008683259393990454,61.9186271724608,0.0001419803732013447,11.604485049542616,0.0008971854734742823,-178.24874337959793,0.0010733254144604798
archive\Data\Video_Dataset\Video_Dataset\Video_Speech_Actor_13\Actor_13\01-01-01-01-01-01-13.mp4,48,48,1.0,0.2614531055189753,0.0006824145137854432,0.08287677394774108,0.011669285610705226,-57.8683442904928,0.1995623775899421,2.0036759720121307,0.000274880544176348,-177.52674929824153,0.0005003649219330608
archive\Data\Video_Dataset\Video_Dataset\Video_Speech_Actor_13\Actor_13\01-01-01-01-01-02-13.mp4,48,48,1.0,0.25104643078553196,0.0003421069824229278,0.07921094234819323,0.014261820435762716,57.08143043466721,0.19907088960361385,4.617538889059313,0.004094503842656083,179.16890253157442,0.003767323306086978
archive\Data\Video_Dataset\Video_Dataset\Video_Speech_Actor_13\Actor_13\01-01-01-01-02-01-13.mp4,46,46,1.0,0.2456223420422569,0.0009664278953285312,0.06517320677473819,0.007946527276184476,64.92976332365369,2.426741093719542e-05,3.8523465175128675,9.455015511550258e-05,176.12529356980122,7.180419815955297e-05
archive\Data\Video_Dataset\Video_Dataset\Video_Speech_Actor_13\Actor_13\01-01-01-01-02-02-13.mp4,47,47,1.0,0.24889696203188527,0.00021382958045205192,0.08086846364736006,0.011095924191422253,45.98917452226937,0.3863733562891666,2.2185714290097995,0.00038941986442775356,178.83293466064558,0.001589670862939041
archive\Data\Video_Dataset\Video_Dataset\Video_Speech_Actor_13\Actor_13\01-01-02-01-01-01-13.mp4,50,50,1.0,0.24733717139223058,0.00012593873173230889,0.09058139374855276,0.012053194138860732,-65.78342270015318,8.892352774292345e-05,2.2737054791300073,0.00017291706956101827,-171.97537924297387,0.0004970024630823744
archive\Data\Video_Dataset\Video_Dataset\Video_Speech_Actor_13\Actor_13\01-01-02-01-01-02-13.mp4,48,48,1.0,0.261663672107758,6.970205849864961e-05,0.09070697058374716,0.016742091560053567,-0.5950782217093497,0.573896070617981,5.110819955662319,0.0013519467885115821,-178.09250572744472,0.0011595864152951219
archive\Data\Video_Dataset\Video_Dataset\Video_Speech_Actor_13\Actor_13\01-01-02-01-02-01-13.mp4,47,47,1.0,0.27108160849552565,6.508850033684353e-05,0.08024780344058338,0.015178423618982443,66.03995293451322,6.540467672844219e-05,6.100731618750181,0.0001459745475136387,179.8843938385476,0.00010716897229268163
archive\Data\Video_Dataset\Video_Dataset\Video_Speech_Actor_13\Actor_13\01-01-02-01-02-02-13.mp4,44,44,1.0,0.25364390176267143,0.0006263817711524734,0.07952968431446356,0.009373335492444117,66.47199701420425,3.9818907344391086e-05,4.5432503766789765,0.0002968602524308084,174.83327223382088,0.00047676930174200827
archive\Data\Video_Dataset\Video_Dataset\Video_Speech_Actor_13\Actor_13\01-01-02-02-01-01-13.mp4,47,47,1.0,0.23209147177125072,0.0008513251821615063,0.1143901179196284,0.013267344996282505,68.0459441839957,0.00019030792489738158,5.046235862473781,0.000397886387325741,175.1877016346739,0.00040522953507837745
archive\Data\Video_Dataset\Video_Dataset\Video_Speech_Actor_13\Actor_13\01-01-02-02-01-02-13.mp4,48,48,1.0,0.2475313843000597,7.197279302092407e-05,0.10616613886807653,0.018941718439842763,-55.446667435407626,0.2615815726377666,3.9590723748383607,0.000564133358576191,-175.03227293374528,0.00030642170888361964
archive\Data\Video_Dataset\Video_Dataset\Video_Speech_Actor_14\Actor_14\01-01-01-01-01-01-14.mp4,52,52,1.0,0.2980143603357756,0.00507447749373478,0.0988352309228337,0.00779447434469713,47.09137120174138,0.33539222105397837,2.628533409078581,0.000589023286897139,178.26788421630195,0.0004935461125156193
archive\Data\Video_Dataset\Video_Dataset\Video_Speech_Actor_14\Actor_14\01-01-01-01-01-02-14.mp4,50,50,1.0,0.31745032152108293,0.0018816872668348003,0.08957095021080777,0.006115084012876131,41.45438522616071,0.3998914664216986,3.117692914850557,0.00039444754331285914,175.39817748417872,0.0006548310304289595
archive\Data\Video_Dataset\Video_Dataset\Video_Speech_Actor_14\Actor_14\01-01-01-01-02-01-14.mp4,52,52,1.0,0.3014733428960627,0.004282149319632241,0.08415553666048123,0.0078022727179905774,49.57176691732774,0.3164506685194254,2.616115071481914,0.00012270660348756568,175.11744750388553,0.0006317455569787578
archive\Data\Video_Dataset\Video_Dataset\Video_Speech_Actor_14\Actor_14\01-01-01-01-02-02-14.mp4,53,53,1.0,0.2945165625856753,0.005343022965109616,0.11196014860119805,0.015385377575993255,51.04023028809632,0.28134015490351183,1.7086410989729097,7.680705604540261e-05,175.48790005887696,0.0008991416107022587
archive\Data\Video_Dataset\Video_Dataset\Video_Speech_Actor_14\Actor_14\01-01-02-01-01-01-14.mp4,56,56,1.0,0.22757832808455136,0.004342963781696304,0.1311325096506792,0.005598827655014791,46.49632378908983,0.43776166596928645,2.6729676554910164,0.0008162313255047904,162.41155367085287,0.007065858915888401
archive\Data\Video_Dataset\Video_Dataset\Video_Speech_Actor_14\Actor_14\01-01-02-01-01-02-14.mp4,53,53,1.0,0.2617150031852276,0.0031381955368467557,0.14459334066773888,0.002085100296797847,67.19735304030995,0.00020840634032670557,3.080682759715104,0.0002618842205366345,168.85552478371366,0.0017033001395257985
archive\Data\Video_Dataset\Video_Dataset\Video_Speech_Actor_14\Actor_14\01-01-02-01-02-01-14.mp4,51,51,1.0,0.2634300728780043,0.003185045135421689,0.06206846373507145,0.006492275907958328,62.70216146415982,0.1273368260588167,2.2867062797009785,0.0008038722333540971,162.60028873374173,0.006377935953663982
archive\Data\Video_Dataset\Video_Dataset\Video_Speech_Actor_14\Actor_14\01-01-02-01-02-02-14.mp4,52,52,1.0,0.2331183190836737,0.005528967410372433,0.1444547592077458,0.004019808667959528,67.50450298268322,0.0005800438040592937,1.1348093401020942,0.0005138049123440958,157.6465077747922,0.0006910438914902173
archive\Data\Video_Dataset\Video_Dataset\Video_Speech_Actor_14\Actor_14\01-01-02-02-01-01-14.mp4,58,58,1.0,0.253419937912733,0.0037029051915213854,0.09988612558082628,0.003804760648883524,43.62825047372677,0.4093397171155667,2.5518599143067835,0.00027468623009385684,178.52849204562122,0.0005355638973891796
archive\Data\Video_Dataset\Video_Dataset\Video_Speech_Actor_14\Actor_14\01-01-02-02-01-02-14.mp4,58,58,1.0,0.23591417954025432,0.004907328089109908,0.09846594044399945,0.006439722109733679,29.339371063628676,0.525042604621432,3.1489951233025373,0.0008323351477577123,167.9685139856685,0.003377993437932325
archive\Data\Video_Dataset\Video_Dataset\Video_Speech_Actor_15\Actor_15\01-01-01-01-01-01-15.mp4,50,50,1.0,0.25882736828479114,0.00014705114814594745,0.13043686015722708,0.007163854390900057,56.77546094754149,0.18671217203184165,3.5231770730282985,0.00014511550934370732,176.30265194656755,0.0003183122612883116
archive\Data\Video_Dataset\Video_Dataset\Video_Speech_Actor_15\Actor_15\01-01-01-01-01-02-15.mp4,51,51,1.0,0.2545986013150938,0.00010636314523437011,0.07476928774410067,0.008498503894351939,63.4703510342353,4.0722206743226685e-05,2.2132917018730476,0.00013899393913896496,174.36353830121854,7.300866678983109e-05
archive\Data\Video_Dataset\Video_Dataset\Video_Speech_Actor_15\Actor_15\01-01-01-01-02-01-15.mp4,51,51,1.0,0.2581690800403846,5.203206233899105e-05,0.1342757918151295,0.002188030531039739,-60.37056880980828,0.0926960965704049,4.159415583225234,7.250526657276435e-05,179.45301103385745,8.828654669690295e-05
archive\Data\Video_Dataset\Video_Dataset\Video_Speech_Actor_15\Actor_15\01-01-01-01-02-02-15.mp4,51,51,1.0,0.2628131208804299,6.018031216367288e-05,0.13026098283199658,0.002597399850366295,-57.63317497300863,0.1509607688956488,3.752934344244826,0.0002316810766457289,-179.99447210625962,0.0004729345258186468
archive\Data\Video_Dataset\Video_Dataset\Video_Speech_Actor_15\Actor_15\01-01-02-01-01-01-15.mp4,53,53,1.0,0.2512996670437035,0.0019210080378831399,0.1078255610866131,0.005704412151930298,-60.26726736927439,0.11832208222272589,2.771224900406727,0.000600629829020205,-178.62417308566165,0.0010149427838186398
archive\Data\Video_Dataset\Video_Dataset\Video_Speech_Actor_15\Actor_15\01-01-02-01-01-02-15.mp4,53,53,1.0,0.2749921945342055,6.761337095400261e-05,0.1119844958252818,0.006979328345274845,-23.49128641070696,0.5245900413172084,4.370924793799236,0.0005030139097055297,177.61806138785573,0.0003653753461526632
archive\Data\Video_Dataset\Video_Dataset\Video_Speech_Actor_15\Actor_15\01-01-02-01-02-01-15.mp4,56,56,1.0,0.22679527687625242,0.004872420844119776,0.11388101462842656,0.005287446794987815,17.70412562985888,0.5171327103536969,2.21794280647352,0.0009705694014160438,178.02002292023911,0.0019237229853390492
archive\Data\Video_Dataset\Video_Dataset\Video_Speech_Actor_15\Actor_15\01-01-02-01-02-02-15.mp4,53,53,1.0,0.24105058606493496,0.001913100369466256,0.11873548735842648,0.00673850601437302,-61.12764190061123,0.08969847415100451,0.8315134937394836,0.000326760782334401,-176.2265559979292,0.0005799981339228433
archive\Data\Video_Dataset\Video_Dataset\Video_Speech_Actor_15\Actor_15\01-01-02-02-01-01-15.mp4,55,55,1.0,0.2500500608409687,0.0017964597784094474,0.12338539792817196,0.006588474931703877,-45.342110875879975,0.37643604974798084,3.1574198140845398,0.00024052135751917447,179.17461471487994,0.000749906208672213
archive\Data\Video_Dataset\Video_Dataset\Video_Speech_Actor_15\Actor_15\01-01-02-02-01-02-15.mp4,57,57,1.0,0.26444787877903875,0.0016122017806509373,0.12111455789077523,0.005653266887364591,-29.327996223707242,0.4850080565346714,3.451272068338117,0.0010829343234023403,179.80908864592777,0.0016134779845988767
archive\Data\Video_Dataset\Video_Dataset\Video_Speech_Actor_16\Actor_16\01-01-01-01-01-01-16.mp4,56,56,1.0,0.25354449955693753,0.004153544695152292,0.08904488949699663,0.013899565054838655,57.84275389045548,0.026852596691831376,0.8244612045090589,0.0003304950576460408,177.22167040622003,0.10715558128905833
archive\Data\Video_Dataset\Video_Dataset\Video_Speech_Actor_16\Actor_16\01-01-01-01-01-02-16.mp4,56,56,1.0,0.24558694252586388,0.0037506021076270275,0.0990332861863035,0.013973402917335146,58.64138304055492,0.01811916992313789,0.744307852707483,0.000266001275025185,177.3857257139852,0.07145368178656353
archive\Data\Video_Dataset\Video_Dataset\Video_Speech_Actor_16\Actor_16\01-01-01-01-02-01-16.mp4,54,54,1.0,0.23536349369807266,0.0036901557048882603,0.08981916821631088,0.011563630768012681,-61.03462717664982,0.00026966777959913646,3.4391843452347106,0.0003414448489069688,-175.6028407218594,0.00024312488296129864
archive\Data\Video_Dataset\Video_Dataset\Video_Speech_Actor_16\Actor_16\01-01-01-01-02-02-16.mp4,54,54,1.0,0.2391424638595939,0.004447295637830235,0.07064381536577242,0.008349718299251994,36.21686249932988,0.3665837248543685,1.1545587331549314,0.0005682464362430917,178.82132673240469,0.03779469396199686
archive\Data\Video_Dataset\Video_Dataset\Video_Speech_Actor_16\Actor_16\01-01-02-01-01-01-16.mp4,56,56,1.0,0.1959068672046367,0.0023926572196004427,0.06521024897993383,0.007614477593523046,24.581920369971346,0.5106606196886034,3.5844511129511676,0.0015094082993982738,174.85998811904204,0.00020337890832378136
archive\Data\Video_Dataset\Video_Dataset\Video_Speech_Actor_16\Actor_16\01-01-02-01-01-02-16.mp4,58,58,1.0,0.19591713387396592,0.003520318323504583,0.08817961924068947,0.011534391634154567,49.656792132968334,0.24314193305776532,-1.3959448002800612,0.0007883123060641317,170.0629708962404,0.03603598345864001
archive\Data\Video_Dataset\Video_Dataset\Video_Speech_Actor_16\Actor_16\01-01-02-01-02-01-16.mp4,57,57,1.0,0.22066961444417765,0.003645103559735046,0.08266978573494568,0.008916279608856959,-62.66411719784419,0.0002867950948944875,6.0503483593398215,0.0005827314907096426,-174.4008407806234,0.00023509418234679558
archive\Data\Video_Dataset\Video_Dataset\Video_Speech_Actor_16\Actor_16\01-01-02-01-02-02-16.mp4,55,55,1.0,0.16195773989638498,0.0052848266408902275,0.06984740159203381,0.00649305140936119,-43.08747105258185,0.36561473391824895,1.5443801733715699,0.0005066219532772198,-168.47485598787011,0.0020940994085787423
archive\Data\Video_Dataset\Video_Dataset\Video_Speech_Actor_16\Actor_16\01-01-02-02-01-01-16.mp4,58,58,1.0,0.17998110204539547,0.0019999594023335553,0.09010243279328274,0.009026359669439989,-1.9064748948027213,0.5531162762805395,2.3121763249298084,0.0014457542030255066,-174.75808271345105,0.007890131765668884
archive\Data\Video_Dataset\Video_Dataset\Video_Speech_Actor_16\Actor_16\01-01-02-02-01-02-16.mp4,59,59,1.0,0.17647708514605856,0.0024630765716053306,0.0926333939468094,0.012486720841230481,64.80443306743267,0.0006215565171452386,-1.9361490679962499,0.0011615700183936761,170.05668059999022,0.002554177538098834
archive\Data\Video_Dataset\Video_Dataset\Video_Speech_Actor_17\Actor_17\01-01-01-01-01-01-17.mp4,57,57,1.0,0.2560660322031329,0.0009591490399014147,0.06666270353860192,0.007343931420695181,62.590591849510645,0.00012845051348098213,10.170036101143845,0.00016939711159846826,-178.37251231187142,2.6618476684503456e-05
archive\Data\Video_Dataset\Video_Dataset\Video_Speech_Actor_17\Actor_17\01-01-01-01-01-02-17.mp4,52,52,1.0,0.25342978363603447,0.0012998261555263204,0.07230322447540086,0.008766908321423595,62.53342261729247,0.00019170250174715964,10.035575124416429,0.00011434984352198807,-178.41815477115296,4.706904306506221e-05
archive\Data\Video_Dataset\Video_Dataset\Video_Speech_Actor_17\Actor_17\01-01-01-01-02-01-17.mp4,52,52,1.0,0.24713799141474496,0.0008036533801786276,0.056325933609101875,0.007297277311487209,12.212582650391694,0.530367325145412,8.766762310295148,9.100019566699036e-05,178.9080708271685,0.0014195387725025599
archive\Data\Video_Dataset\Video_Dataset\Video_Speech_Actor_17\Actor_17\01-01-01-01-02-02-17.mp4,52,52,1.0,0.2570377406818153,0.0005943930435058235,0.08307755820149598,0.005884034593668183,62.50714102442218,0.00011361798770037623,10.080338910162954,0.00012689236834106943,-178.21289530954826,3.313361991830188e-05
archive\Data\Video_Dataset\Video_Dataset\Video_Speech_Actor_17\Actor_17\01-01-02-01-01-01-17.mp4,52,52,1.0,0.23942967797068532,0.001129024038259421,0.08470808325940384,0.006753945969871315,51.669435111475366,0.2432573839951413,7.205986621428583,0.0004890883125617806,179.6368339346485,0.00023857561136475525
archive\Data\Video_Dataset\Video_Dataset\Video_Speech_Actor_17\Actor_17\01-01-02-01-01-02-17.mp4,53,53,1.0,0.2505749304765641,5.498092998599199e-05,0.06966427530813457,0.006676402677199369,63.39431262848237,0.00026941862114993054,8.444521323003938,0.00011236612639731192,179.94988983964828,4.8258030496017845e-05
archive\Data\Video_Dataset\Video_Dataset\Video_Speech_Actor_17\Actor_17\01-01-02-01-02-01-17.mp4,56,56,1.0,0.21525340804629978,0.003876322628123182,0.08671288604445967,0.0064075270334059626,25.790352627654393,0.4930616143884107,8.328048400459467,0.0012325032932037905,-179.29511019657502,0.001127994478440697
archive\Data\Video_Dataset\Video_Dataset\Video_Speech_Actor_17\Actor_17\01-01-02-01-02-02-17.mp4,56,56,1.0,0.24656955080334994,0.0007620580903122843,0.08654876165885152,0.0065085196620594055,63.531540286272936,6.144742154723382e-05,9.185389715599545,0.0002079060860827875,-178.9292529157089,5.2816482196127446e-05
archive\Data\Video_Dataset\Video_Dataset\Video_Speech_Actor_17\Actor_17\01-01-02-02-01-01-17.mp4,58,58,1.0,0.2157564397133564,0.0012922728974047277,0.0862057068635959,0.006506482166159338,64.47500856939969,0.00014423110644945503,8.073353513703978,7.481108156992544e-05,178.62684204004768,4.3103547082701255e-05
archive\Data\Video_Dataset\Video_Dataset\Video_Speech_Actor_17\Actor_17\01-01-02-02-01-02-17.mp4,54,54,1.0,0.22519012817396408,0.00175892646201742,0.06766321813346085,0.007536776717651936,64.30730939804049,0.00016552673961878206,9.222836428768602,0.0007549238585161655,179.33114744122207,0.00014552090362940362
archive\Data\Video_Dataset\Video_Dataset\Video_Speech_Actor_18\Actor_18\01-01-01-01-01-01-18.mp4,52,52,1.0,0.2477880186927208,0.0013253558672277164,0.06864359143440212,0.005883735451623257,-50.67384413626609,0.21944886588057944,5.384663694544045,0.00029026856085723196,-179.8416465780292,7.998134952691416e-05
archive\Data\Video_Dataset\Video_Dataset\Video_Speech_Actor_18\Actor_18\01-01-01-01-01-02-18.mp4,53,53,1.0,0.22724677361328377,0.004082192245969652,0.07305215177584357,0.006709668330772615,-47.01047028090477,0.26376079742792724,4.495140418065972,0.00015378849273728346,-179.354831165947,0.00014404832302306048
archive\Data\Video_Dataset\Video_Dataset\Video_Speech_Actor_18\Actor_18\01-01-01-01-02-01-18.mp4,52,52,1.0,0.2617205607096601,0.00013662571689603063,0.061203004660620904,0.005862780034544836,60.17136726416674,5.073771446773012e-05,5.8993386139357735,7.237980200103244e-05,179.4307851238439,1.6435049104202015e-05
archive\Data\Video_Dataset\Video_Dataset\Video_Speech_Actor_18\Actor_18\01-01-01-01-02-02-18.mp4,52,52,1.0,0.2466372395999102,0.002773454891430993,0.06912891814461272,0.0062547519170022105,59.99833751721115,0.00010972792770935769,7.672832172115692,8.69645078157566e-05,-178.42846201123305,3.7768294088302845e-05
archive\Data\Video_Dataset\Video_Dataset\Video_Speech_Actor_18\Actor_18\01-01-02-01-01-01-18.mp4,52,52,1.0,0.2282366723581147,0.0017830740274844834,0.11374447576334777,0.006897786602352103,27.85232718835676,0.4819915283199969,10.178293944451154,0.0009468924769285847,-175.59383965540016,0.001603986899590737
archive\Data\Video_Dataset\Video_Dataset\Video_Speech_Actor_18\Actor_18\01-01-02-01-01-02-18.mp4,51,51,1.0,0.2303791297544811,0.0006750672987045962,0.10465451448359545,0.005786953971890655,55.85883453578931,0.1806559784550088,9.448442969531989,0.0006261797641261557,-177.54286455028836,0.00046528802415901627
archive\Data\Video_Dataset\Video_Dataset\Video_Speech_Actor_18\Actor_18\01-01-02-01-02-01-18.mp4,55,55,1.0,0.2161071163628281,0.004302637959801188,0.11499734063658007,0.003274112146803332,43.58016549270624,0.3635782726146456,8.910275552287022,0.0012251934325760994,-175.22988372318946,0.0007655887809130402
archive\Data\Video_Dataset\Video_Dataset\Video_Speech_Actor_18\Actor_18\01-01-02-01-02-02-18.mp4,53,53,1.0,0.1878126664239802,0.006171160508811901,0.10773397884344493,0.00513600356766055,59.55409186259918,0.08710690210922412,9.790719969853056,0.0009575979696738735,-176.43636530809042,0.0005821065834326067
archive\Data\Video_Dataset\Video_Dataset\Video_Speech_Actor_18\Actor_18\01-01-02-02-01-01-18.mp4,54,54,1.0,0.18560467981259893,0.001154682150527532,0.12317581489159284,0.006863034335278321,-20.355891115746683,0.519551466287794,5.917870602202376,0.0006764145894352369,-175.45892721525627,0.0002815822062773865
archive\Data\Video_Dataset\Video_Dataset\Video_Speech_Actor_18\Actor_18\01-01-02-02-01-02-18.mp4,54,54,1.0,0.18722853861199576,0.0018456030130120722,0.11565729954291742,0.005543840168084076,62.16978960111177,0.00012929400617922582,8.257882032667855,0.0003038917710450617,-174.77953372339095,0.00013477601772482473
archive\Data\Video_Dataset\Video_Dataset\Video_Speech_Actor_19\Actor_19\01-01-01-01-01-01-19.mp4,50,50,1.0,0.2870600529759685,0.002105174976494798,0.08681053406159914,0.007623652945493699,-65.77245524500935,8.17687484163665e-05,6.004198983704626,8.178147949533532e-05,-179.39877926660438,2.715552857368575e-05
archive\Data\Video_Dataset\Video_Dataset\Video_Speech_Actor_19\Actor_19\01-01-01-01-01-02-19.mp4,48,48,1.0,0.29466096191095265,0.00018985152588841866,0.0840787880689237,0.006485377723100054,-63.51851346375852,0.06762852039360279,6.400121413626164,9.863118246333791e-05,-179.5402988672273,5.0614909843482714e-05
archive\Data\Video_Dataset\Video_Dataset\Video_Speech_Actor_19\Actor_19\01-01-01-01-02-01-19.mp4,50,50,1.0,0.264369891802707,0.005703092578562589,0.07564318801095263,0.0048731784947568255,-65.52454054742638,0.00016048835688464713,5.5918279696135516,4.860571005538272e-05,-179.97804207262504,2.875710567651346e-05
archive\Data\Video_Dataset\Video_Dataset\Video_Speech_Actor_19\Actor_19\01-01-01-01-02-02-19.mp4,49,49,1.0,0.2918495468808719,0.0006880311228353721,0.0784898882214876,0.0050311314929446715,-65.92841752361855,3.207654737036325e-05,6.61026894717056,9.530708543670219e-05,179.49514164793794,3.138463231233679e-05
archive\Data\Video_Dataset\Video_Dataset\Video_Speech_Actor_19\Actor_19\01-01-02-01-01-01-19.mp4,55,55,1.0,0.2533810178087374,0.0019239041062947915,0.07074642292981456,0.00304067541961238,-66.90008845596785,2.936995772451212e-05,4.60991119152016,0.00023627952007176933,-174.40518894695666,0.0001347159485859395
archive\Data\Video_Dataset\Video_Dataset\Video_Speech_Actor_19\Actor_19\01-01-02-01-01-02-19.mp4,55,55,1.0,0.2744698805871361,0.0021816463796261727,0.08971178835765906,0.008794103237040253,58.875962719848566,0.20631331379431506,6.58543984326301,0.00014056500419457052,176.8127976419005,0.0001562030798789582
archive\Data\Video_Dataset\Video_Dataset\Video_Speech_Actor_19\Actor_19\01-01-02-01-02-01-19.mp4,50,50,1.0,0.237581202398972,0.0020149163163606485,0.06277215485955052,0.0038274397990667904,-66.46229010167087,0.0002349617562955597,7.025269114195036,0.00018952904176960939,-175.70469556491236,8.034732113404441e-05
archive\Data\Video_Dataset\Video_Dataset\Video_Speech_Actor_19\Actor_19\01-01-02-01-02-02-19.mp4,52,52,1.0,0.22729925892846098,0.00155434248810925,0.0748108603807432,0.004096470792688614,55.89515675769866,0.25193278801911345,5.804031807874537,0.0005655211046660114,175.9288561341221,0.00028301337891611933
archive\Data\Video_Dataset\Video_Dataset\Video_Speech_Actor_19\Actor_19\01-01-02-02-01-01-19.mp4,67,67,1.0,0.24293167684673303,0.0031188049441923725,0.09547259219725905,0.004682507984018656,-54.97072882682493,0.3026276038711714,6.248755758881976,0.0007865958102916126,-173.84505941323025,0.00035644376244614584
archive\Data\Video_Dataset\Video_Dataset\Video_Speech_Actor_19\Actor_19\01-01-02-02-01-02-19.mp4,60,60,1.0,0.23859947309685978,0.00046761152739748917,0.11225238759144611,0.004235628551363605,-49.756243088218696,0.38459890895814475,0.21832181772070225,0.0009568001438998719,-174.3954676700721,0.0022801512582935057
archive\Data\Video_Dataset\Video_Dataset\Video_Speech_Actor_20\Actor_20\01-01-01-01-01-01-20.mp4,52,52,1.0,0.2970831237099768,0.0010374056349701096,0.17270676390195286,0.02055234339472071,-44.422666435129265,0.12228109307155166,1.1221447644374583,0.0044573154485413324,-167.15923420866596,0.8021029381255924
archive\Data\Video_Dataset\Video_Dataset\Video_Speech_Actor_20\Actor_20\01-01-01-01-01-02-20.mp4,54,54,1.0,0.2948036310108306,0.0013925425461851126,0.14594634974121976,0.019242149247975713,-18.359572465545632,0.4111664536387225,1.212694744111878,0.0007436854972033835,179.53954643381772,0.37107999926835233
archive\Data\Video_Dataset\Video_Dataset\Video_Speech_Actor_20\Actor_20\01-01-01-01-02-01-20.mp4,52,52,1.0,0.3133151319814151,0.0014164869802374893,0.16200522775995363,0.005927839590555381,-32.572418676030246,0.2315133934940291,1.2608891351355314,0.0006850016186704666,-179.0548778076744,0.7312135777181139
archive\Data\Video_Dataset\Video_Dataset\Video_Speech_Actor_20\Actor_20\01-01-01-01-02-02-20.mp4,53,53,1.0,0.3225323545110851,0.0007976955424497608,0.17009420821647903,0.014037710588730594,20.711912991075717,0.40069069203915775,2.1157950959241423,0.0008315888994778753,177.9930633984506,0.33999664864464474
archive\Data\Video_Dataset\Video_Dataset\Video_Speech_Actor_20\Actor_20\01-01-02-01-01-01-20.mp4,55,55,1.0,0.24177969977970828,0.0010680982058762483,0.13958755775945195,0.009731741022620881,62.148454479157074,0.018379414697983654,2.4177966840203715,0.000285819603533799,165.1021095610676,0.07252269472414707
archive\Data\Video_Dataset\Video_Dataset\Video_Speech_Actor_20\Actor_20\01-01-02-01-01-02-20.mp4,54,54,1.0,0.23345062019447957,0.0022502131471190093,0.13097935238122152,0.012931775330339021,-62.25953089322157,0.028268114108910947,-2.384671423243897,0.00040592341136946875,-166.7985144281782,0.11089093599724842
archive\Data\Video_Dataset\Video_Dataset\Video_Speech_Actor_20\Actor_20\01-01-02-01-02-01-20.mp4,50,50,1.0,0.19370468189214204,0.006313024865885936,0.09784854547794795,0.010931691668003424,-14.637602877251291,0.44433691845037426,3.194310459035657,0.001974768866195964,-175.23128560135683,0.4225313924170231
archive\Data\Video_Dataset\Video_Dataset\Video_Speech_Actor_20\Actor_20\01-01-02-01-02-02-20.mp4,53,53,1.0,0.2219178191321674,0.003434440101161764,0.1103645801861595,0.013112471247903974,-52.607157098194314,0.0998513882857136,-0.32213626796508565,0.006708441303876156,-157.26338204050168,0.4449297452820664
archive\Data\Video_Dataset\Video_Dataset\Video_Speech_Actor_20\Actor_20\01-01-02-02-01-01-20.mp4,58,58,1.0,0.27207996265677004,0.000988823612471671,0.16551209260437888,0.0016406695019082766,39.072659005563075,0.14327718587027927,7.854369283767288,0.0066522028109951,132.0345112856366,0.8733764672439143
archive\Data\Video_Dataset\Video_Dataset\Video_Speech_Actor_20\Actor_20\01-01-02-02-01-02-20.mp4,61,61,1.0,0.23435207593469493,0.00277715104765315,0.12184816356365515,0.008018366450431117,53.7854604450583,0.10053481332081904,4.363802473000617,0.004736537634804305,159.04162660325707,0.48864626705138803
archive\Data\Video_Dataset\Video_Dataset\Video_Speech_Actor_21\Actor_21\01-01-01-01-01-01-21.mp4,58,58,1.0,0.2790274635989418,9.611747380003604e-05,0.1561612919116508,0.021174659947624155,-64.16881097149894,0.00010343919147415281,5.068738821031535,0.00015458305164184338,179.59016527851523,8.152893129054206e-05
archive\Data\Video_Dataset\Video_Dataset\Video_Speech_Actor_21\Actor_21\01-01-01-01-01-02-21.mp4,60,60,1.0,0.2953394296701697,8.694995287580685e-05,0.16818208848717836,0.022899075019935846,-64.02188323579735,0.00011764907549816073,5.828008391623922,0.0002786952347137994,178.9010677339605,9.301276503970168e-05
archive\Data\Video_Dataset\Video_Dataset\Video_Speech_Actor_21\Actor_21\01-01-01-01-02-01-21.mp4,54,54,1.0,0.2731910769665114,0.00013724821625059523,0.1643713388077525,0.016758783223571733,-63.07508188708199,0.010890141099257233,6.944212472853919,0.00021785851994093886,178.05118084971667,0.03710203476317098
archive\Data\Video_Dataset\Video_Dataset\Video_Speech_Actor_21\Actor_21\01-01-01-01-02-02-21.mp4,55,55,1.0,0.27910000496157505,0.00011593255105148675,0.16025673647405023,0.02218275389545106,-44.86749366087119,0.37600433892754914,6.1798753735314955,0.0003084969168609675,179.9790261216574,0.0003624613338449878
archive\Data\Video_Dataset\Video_Dataset\Video_Speech_Actor_21\Actor_21\01-01-02-01-01-01-21.mp4,61,61,1.0,0.2728053049218661,0.00011810424689323809,0.16530817605697345,0.021956990666952107,-65.10723704702791,0.00014436366108194765,7.878370997688624,0.00031227738755212897,177.54017736381041,0.00046141990907078156
archive\Data\Video_Dataset\Video_Dataset\Video_Speech_Actor_21\Actor_21\01-01-02-01-01-02-21.mp4,60,60,1.0,0.2756860050060794,7.112835948216422e-05,0.17616784763663074,0.020521974432039264,-56.187242387340504,0.2362756284769838,7.798056778841894,0.0003874599197529749,179.0663471241902,0.0008161236421543316
archive\Data\Video_Dataset\Video_Dataset\Video_Speech_Actor_21\Actor_21\01-01-02-01-02-01-21.mp4,57,57,1.0,0.25165251502915664,0.0010581481287730962,0.1356516846120435,0.016323257897042132,-65.4745065055301,0.00011599752300273103,7.9304131977923085,0.00026611950440258436,179.17430138317624,0.00021945824449010054
archive\Data\Video_Dataset\Video_Dataset\Video_Speech_Actor_21\Actor_21\01-01-02-01-02-02-21.mp4,61,61,1.0,0.2708257517933497,8.859422831329072e-05,0.1667137372331498,0.013305622121007183,-64.9968983383032,9.110955989066749e-05,6.788094548148686,0.0003234171279168363,178.65249852330578,0.0007012943215539691
archive\Data\Video_Dataset\Video_Dataset\Video_Speech_Actor_21\Actor_21\01-01-02-02-01-01-21.mp4,60,60,1.0,0.26389533749149147,9.303881983622377e-05,0.19263403981129992,0.020149375923661533,-33.911981823744874,0.5032218432479603,9.334419688598349,0.0009173459706761644,178.30574174929535,0.0016140422608138527
archive\Data\Video_Dataset\Video_Dataset\Video_Speech_Actor_21\Actor_21\01-01-02-02-01-02-21.mp4,63,63,1.0,0.283363476523358,0.0001642176724519999,0.17833316535911664,0.018070981549413417,55.65093218351114,0.2523007684413431,11.273486882804821,0.0006628948291141912,-177.50694321954768,0.0012388831707959014
archive\Data\Video_Dataset\Video_Dataset\Video_Speech_Actor_22\Actor_22\01-01-01-01-01-01-22.mp4,55,55,1.0,0.24177156024115923,0.002985110899952196,0.12326508228077704,0.013529575189072485,-55.66735178892563,0.16390008441801862,7.879384152396131,0.00010958224151047524,177.3901335968088,0.00018070794373459265
archive\Data\Video_Dataset\Video_Dataset\Video_Speech_Actor_22\Actor_22\01-01-01-01-01-02-22.mp4,52,52,1.0,0.24045071162607695,0.002040344394422375,0.13434452754364404,0.01432938246468623,-56.48451203456055,0.14860372397010702,6.156065780212338,5.328764269940667e-05,178.55289349427167,4.561299479666214e-05
archive\Data\Video_Dataset\Video_Dataset\Video_Speech_Actor_22\Actor_22\01-01-01-01-02-01-22.mp4,54,54,1.0,0.24540647541471933,0.0031988300086776785,0.12011813698822242,0.012312998320772053,-62.46922010187987,0.00013532414658212755,7.721428742535094,9.942828380060664e-05,177.33884768349728,3.556026486650765e-05
archive\Data\Video_Dataset\Video_Dataset\Video_Speech_Actor_22\Actor_22\01-01-01-01-02-02-22.mp4,53,53,1.0,0.24304283590609366,0.003088377747285759,0.12056359795222624,0.012581169262338182,-61.58304682903974,0.00013816325747106895,7.1441583995059466,5.8249521282305317e-05,177.47991409909378,3.066762092462927e-05
archive\Data\Video_Dataset\Video_Dataset\Video_Speech_Actor_22\Actor_22\01-01-02-01-01-01-22.mp4,53,53,1.0,0.2038494825806958,0.002363819080716172,0.14938261341546621,0.007486066597541793,63.25518875184201,0.00020137108864981546,7.443988634142926,0.0001914561361443523,-178.1161128631744,0.00022058284677906048
archive\Data\Video_Dataset\Video_Dataset\Video_Speech_Actor_22\Actor_22\01-01-02-01-01-02-22.mp4,53,53,1.0,0.21498499598827317,0.0017216489342013125,0.13157673968716224,0.013091974125803572,59.05263397083906,0.11559860641892217,5.713082814212059,6.075719583087391e-05,-179.28001521405008,9.635695017462531e-05
archive\Data\Video_Dataset\Video_Dataset\Video_Speech_Actor_22\Actor_22\01-01-02-01-02-01-22.mp4,54,54,1.0,0.19817727192606635,0.0018336654806441694,0.15721856348855462,0.007853977728901246,-59.01995115617094,0.11527545682719664,8.257271835147373,0.0009559883326381025,178.5957822188483,0.0004182058621222673
archive\Data\Video_Dataset\Video_Dataset\Video_Speech_Actor_22\Actor_22\01-01-02-01-02-02-22.mp4,53,53,1.0,0.20755724299172856,0.0013422632513970154,0.16667817538394658,0.007932123147391583,56.06619696270284,0.14312745485078393,6.6487176093627545,0.0015131320157962813,-177.61066640107563,0.11378112303632626
archive\Data\Video_Dataset\Video_Dataset\Video_Speech_Actor_22\Actor_22\01-01-02-02-01-01-22.mp4,56,56,1.0,0.19049839696611157,0.0026242065159021635,0.16601144742277893,0.0071093665473879976,-34.397023554264145,0.4775486431608147,10.093772034990916,0.0004115183333421868,179.96700468140253,0.001163059338138095
archive\Data\Video_Dataset\Video_Dataset\Video_Speech_Actor_22\Actor_22\01-01-02-02-01-02-22.mp4,58,58,1.0,0.1673841779935656,0.004613191644550842,0.1610110633202908,0.007481136030304668,43.60467740069524,0.40432057385172326,7.985425722907878,0.0005317540168642276,-176.765676278057,0.0010528596795892353
archive\Data\Video_Dataset\Video_Dataset\Video_Speech_Actor_23\Actor_23\01-01-01-01-01-01-23.mp4,57,57,1.0,0.26827491634991046,0.002879568145383192,0.08529446605097475,0.009075620283258156,65.52734597322944,4.6865296196685335e-05,2.202645392707635,0.00012542751683675135,175.34549942744127,5.041754601675663e-05
archive\Data\Video_Dataset\Video_Dataset\Video_Speech_Actor_23\Actor_23\01-01-01-01-01-02-23.mp4,56,56,1.0,0.2818461633142982,0.002965561393787834,0.07912774882534276,0.007213716165658449,65.7457646706409,5.1877057574145624e-05,3.5379024260265624,0.00019209529547314919,176.24351099870952,7.521785979081042e-05
archive\Data\Video_Dataset\Video_Dataset\Video_Speech_Actor_23\Actor_23\01-01-01-01-02-01-23.mp4,55,55,1.0,0.2729089007552356,0.003373975770514622,0.07303401616442899,0.007191701071680871,65.3348033274258,6.354507564065859e-05,3.1036370181747848,0.00010115028586044073,175.81239979283606,3.118094874010602e-05
archive\Data\Video_Dataset\Video_Dataset\Video_Speech_Actor_23\Actor_23\01-01-01-01-02-02-23.mp4,58,58,1.0,0.26843842006402496,0.0034129788501505135,0.08021193873659188,0.008984807246556184,65.45505263263709,4.9135759876417495e-05,2.870882359160264,0.00012202914737502457,175.4914274665482,7.171136805861344e-05
archive\Data\Video_Dataset\Video_Dataset\Video_Speech_Actor_23\Actor_23\01-01-02-01-01-01-23.mp4,60,60,1.0,0.2839976688764789,0.0021645472312348244,0.07384471844924688,0.006784626826847151,-20.8501989226162,0.566286046493534,5.0747195715231594,0.0007448748549038209,-178.11959887468606,0.001024083433587064
archive\Data\Video_Dataset\Video_Dataset\Video_Speech_Actor_23\Actor_23\01-01-02-01-01-02-23.mp4,61,61,1.0,0.2659911956353677,0.0022779849655479496,0.07517259642138788,0.006267418368813956,18.409670440931023,0.56930123690062,4.605428281522771,0.0008722203514762716,-178.52033518784924,0.0006538713633853499
archive\Data\Video_Dataset\Video_Dataset\Video_Speech_Actor_23\Actor_23\01-01-02-01-02-01-23.mp4,63,63,1.0,0.26400878951140433,0.003813133557166464,0.0820651357250087,0.0073313573681797065,-10.003498255259869,0.5821403579943409,3.7618531749831736,0.0008222610442868428,-176.55882176928986,0.03369603393965481
archive\Data\Video_Dataset\Video_Dataset\Video_Speech_Actor_23\Actor_23\01-01-02-01-02-02-23.mp4,60,60,1.0,0.2528286587878524,0.005644916371444109,0.07606599440577047,0.006249946155908173,-3.7852739175870385,0.5953745646433688,3.8063709603118348,0.0013558762492019705,-177.1358149879482,0.0012415094711485386
archive\Data\Video_Dataset\Video_Dataset\Video_Speech_Actor_23\Actor_23\01-01-02-02-01-01-23.mp4,69,69,1.0,0.23199885937798584,0.0023699817815053463,0.09243982502308384,0.00708940420481186,66.46447739584414,0.00015039047024256735,4.306849987446394,0.0005858731634083014,173.92667634964664,0.00034219038044269734
archive\Data\Video_Dataset\Video_Dataset\Video_Speech_Actor_23\Actor_23\01-01-02-02-01-02-23.mp4,69,69,1.0,0.22337785307090602,0.005131524940344387,0.08469943110558405,0.005301294348128279,66.02231374693065,6.69594603692758e-05,4.386769796575989,0.00039386292763765596,174.4240236171063,0.00024285942583401887
archive\Data\Video_Dataset\Video_Dataset\Video_Speech_Actor_24\Actor_24\01-01-01-01-01-01-24.mp4,56,56,1.0,0.34673450122890753,9.097002319836782e-05,0.1251694989247991,0.024389416780629294,20.528693533509347,0.5303424716300577,8.460872014930858,0.0009419920151635397,175.96926118793556,0.0009440005084888625
archive\Data\Video_Dataset\Video_Dataset\Video_Speech_Actor_24\Actor_24\01-01-01-01-01-02-24.mp4,55,55,1.0,0.34273363497625214,0.00026849813302121377,0.15169904357271158,0.03117400488985199,-63.9065879560665,0.00019749558606863005,9.879159023940897,0.0001997145144125856,174.1536562734336,8.181329722722896e-05
archive\Data\Video_Dataset\Video_Dataset\Video_Speech_Actor_24\Actor_24\01-01-01-01-02-01-24.mp4,55,55,1.0,0.3535619591071307,0.00024351252751323961,0.10776902471661565,0.014984906329407044,-60.82466287796528,0.08659242146592172,9.270860796480555,0.000311537259465533,174.54658201783204,0.0006975671429221286
archive\Data\Video_Dataset\Video_Dataset\Video_Speech_Actor_24\Actor_24\01-01-01-01-02-02-24.mp4,54,54,1.0,0.34682955165927765,9.96981907924539e-05,0.1062658412469129,0.014497540786533761,-58.28904157517068,0.1445802751383355,9.379349263703554,0.00029785335456589124,174.4667983441291,0.00013072504168232246
archive\Data\Video_Dataset\Video_Dataset\Video_Speech_Actor_24\Actor_24\01-01-02-01-01-01-24.mp4,54,54,1.0,0.305847121255669,0.002838510786095277,0.06815300540598736,0.007060956852608049,-3.879673753394578,0.5737375290670828,10.541212708207592,0.0008883954546381467,175.96427075527995,0.001013002390645501
archive\Data\Video_Dataset\Video_Dataset\Video_Speech_Actor_24\Actor_24\01-01-02-01-01-02-24.mp4,53,53,1.0,0.3018914946232508,0.005946611594923101,0.0849873459724493,0.007301304557326532,32.81767977759271,0.4891453771628962,10.99909751841194,0.0013981775486400227,176.60450212244726,0.002297160456190439
archive\Data\Video_Dataset\Video_Dataset\Video_Speech_Actor_24\Actor_24\01-01-02-01-02-01-24.mp4,58,58,1.0,0.33109964226580596,4.6148253827691226e-05,0.09163523276448579,0.006767555768433916,-63.1603545402934,0.028050344998463372,9.974203128455695,0.0005355512981923827,174.7985009419273,0.0003711699911144173
archive\Data\Video_Dataset\Video_Dataset\Video_Speech_Actor_24\Actor_24\01-01-02-01-02-02-24.mp4,56,56,1.0,0.33538651018120674,0.00034698401931021304,0.10792981537286149,0.009457030530887353,60.7428416702415,0.17351599294482056,9.93374737837475,0.00038198697684177496,177.80827817012252,0.0006539379831836944
archive\Data\Video_Dataset\Video_Dataset\Video_Speech_Actor_24\Actor_24\01-01-02-02-01-01-24.mp4,62,62,1.0,0.2955538350512395,0.0013334129810812563,0.10420808081360539,0.011620824206825786,-3.709070781263552,0.5916603172674859,6.939809851176658,0.0009043867213924806,175.18842782243755,0.003362380056245562
archive\Data\Video_Dataset\Video_Dataset\Video_Speech_Actor_24\Actor_24\01-01-02-02-01-02-24.mp4,61,61,1.0,0.30414090887040124,0.0005588083050895466,0.10401481803815303,0.010325676526573976,-4.364327024775628,0.5854277755491966,5.695360479065869,0.0015125599187364447,168.98521645560237,0.0015155573539952227
